Team Number,Match Number,Starting Position,Hab Line 1/0,Auto # H Ship Side,Auto # H Ship Front,Auto # C Ship Side,Auto C Rkt Lvl,Auto H Rkt Lvl,Auto H Rkt Lvl [2],Auto # C Dropped,Auto # H Dropped,Tele H Ship,Tele C Ship,Tele Rocket H L1,Tele Rocket H L2,Tele Rocket H L3,Tele Rocket C L1,Tele Rocket C L2,Tele Rocket C L3,Tele Dropped C,Tele Dropped H,Def pl amt,Def pl quality,Def rec amt,Who Played D,Fouls? 0/1,Dead 0-3,Highest success,Highest attempt,Was assisted? 1/0
51,1,R2,1,0,0,0,0,0,0,0,0,2,4,1,0,0,0,0,0,0,1,0,0,0,0,0,0,2,2,0
868,1,M,1,0,1,0,0,0,0,0,0,0,0,2,1,2,0,1,0,0,0,0,0,0,0,0,0,3,3,0
3044,1,L2,1,0,0,0,0,0,0,0,0,0,3,0,0,0,2,1,0,1,0,0,0,0,0,0,0,1,1,0
4381,1,R1,1,0,0,0,0,1,0,0,0,0,0,1,2,1,0,0,0,0,1,0,0,0,0,0,0,1,3,0
3381,1,M,1,0,0,0,0,0,0,0,0,0,3,0,0,0,2,1,0,1,0,0,0,0,0,0,0,0,0,0
7651,1,L2,1,0,0,0,0,0,0,0,0,0,1,0,0,0,0,0,0,1,0,3,1,0,0,0,1,1,1,0
245,2,R2,1,0,0,0,0,0,0,0,0,1,3,2,1,0,2,1,0,1,0,0,0,0,0,0,0,3,0,0
3604,2,L2,1,0,0,1,0,0,0,0,0,0,5,0,0,0,2,1,0,0,0,0,0,1,6401,0,0,2,0,0
1792,2,M,1,0,1,0,0,0,0,0,0,0,0,2,1,0,0,0,0,0,0,0,0,1,6401,0,0,3,0,0
5951,2,R2,1,0,0,0,0,2,0,0,0,0,0,0,0,0,0,0,0,0,0,3,3,0,0,0,0,2,0,0
1690,2,M,1,0,1,0,0,2,0,0,0,0,3,0,2,0,0,1,0,3,0,0,0,1,5951,0,0,1,2,0
6401,2,L2,1,0,0,0,0,0,0,0,0,0,1,0,0,0,0,0,0,0,0,2,2,0,0,0,0,2,0,0
5501,3,R2,1,0,0,0,0,0,0,0,0,1,0,0,0,0,0,0,0,0,0,3,2,0,0,0,0,2,2,0
503,3,R1,1,1,0,0,0,0,0,0,0,3,0,1,1,0,0,0,0,0,0,0,0,0,0,0,0,3,3,0
3618,3,L2,1,0,0,1,0,0,0,0,0,0,5,0,0,0,0,0,0,0,0,0,0,0,0,0,0,2,2,0
3555,3,R2,1,0,1,0,0,0,0,0,0,0,2,2,0,0,2,0,0,0,0,0,0,0,0,0,0,1,2,0
2500,3,L2,1,0,0,0,0,0,0,0,0,0,0,0,0,0,0,0,0,0,0,2,1,0,0,0,2,1,1,0
125,3,L1,1,0,0,0,0,0,2,0,0,0,2,0,1,2,0,2,0,1,1,0,0,2,5501,0,0,3,3,0
250,4,L2,1,0,0,0,0,0,0,0,1,0,0,0,0,0,0,0,0,0,0,2,3,0,0,0,0,1,0,0
3624,4,R2,1,0,0,0,0,0,0,0,0,1,0,0,0,0,0,0,0,0,0,3,2,0,0,0,0,1,2,0
1923,4,L1,1,0,0,0,0,1,0,0,0,0,4,1,0,0,2,0,0,0,2,0,0,1,250,0,0,0,0,0
6806,4,R2,1,0,0,1,0,0,0,0,0,0,3,0,0,0,0,0,0,0,0,2,2,0,0,0,0,2,0,0
2337,4,L2,1,0,0,0,0,1,0,0,0,0,2,1,0,0,2,0,0,1,0,0,0,6806,3,0,0,3,0,0
1317,4,M,1,0,1,0,0,0,0,0,0,1,1,0,1,0,0,0,0,0,1,0,0,0,0,0,0,2,0,0
836,5,L2,1,0,0,0,0,0,0,0,0,1,2,1,0,0,2,0,0,0,0,0,0,0,0,0,0,3,3,0
3926,5,R2,1,1,0,0,0,0,0,0,0,0,0,2,2,0,2,0,0,1,0,0,0,0,0,0,0,2,2,0
236,5,M,0,0,1,0,0,0,0,0,0,0,0,2,2,0,2,0,0,1,0,0,0,0,0,0,0,2,2,0
103,5,M,1,0,1,0,0,0,0,0,0,0,2,0,1,0,2,2,1,0,0,0,0,1,3926,0,0,3,0,0
225,5,R2,1,0,0,0,0,0,0,0,0,0,1,2,1,2,2,1,1,0,0,0,0,2,3926,0,0,1,1,0
1918,5,L2,1,0,0,0,0,1,0,0,0,0,2,1,2,2,0,1,1,0,0,0,0,0,0,0,0,0,0,0
2791,6,R2,1,0,0,0,0,0,0,0,0,0,0,0,1,1,0,0,0,0,0,0,0,0,0,0,2,0,0,0
4253,6,M,1,0,0,0,0,0,0,0,0,0,2,0,0,1,0,0,0,2,0,0,0,0,0,0,0,3,0,0
2502,6,L2,1,0,0,0,0,0,0,0,0,0,3,1,0,0,0,0,0,0,1,0,0,0,0,0,0,1,0,0
5348,6,L2,0,0,0,0,0,0,0,0,0,1,3,0,0,0,0,0,0,0,1,0,0,0,0,0,0,1,3,0
7480,6,M,1,0,0,0,0,0,0,0,0,0,1,2,0,0,0,0,0,1,0,0,0,0,0,0,0,2,0,0
5943,6,R2,1,0,0,0,0,0,0,0,0,0,1,0,0,0,0,0,0,0,0,3,2,0,0,0,0,1,0,0
4481,7,R2,1,0,0,0,0,0,1,0,0,0,0,3,2,1,0,0,0,0,1,0,0,2,7885,0,0,0,3,0
5567,7,L1,1,0,0,0,0,0,0,0,0,0,0,0,1,1,0,0,0,0,0,2,2,0,0,0,0,2,2,0
5811,7,M,1,0,0,0,0,0,0,0,0,2,3,0,0,0,2,0,0,0,0,0,0,0,0,0,1,1,2,0
2771,7,R1,1,0,0,0,0,0,0,0,0,0,0,0,0,0,1,1,0,0,0,0,0,0,0,0,0,3,3,0
217,7,L1,1,0,0,0,0,0,0,0,1,0,1,1,0,0,0,0,0,0,1,0,0,0,0,0,0,2,2,0
7885,7,M,1,0,1,0,0,0,0,0,0,1,0,0,0,0,0,0,0,0,0,2,3,0,0,0,0,1,2,0
1058,8,M,1,0,1,0,0,0,0,0,0,0,0,2,1,0,2,0,0,0,0,0,0,0,0,0,0,2,0,0
3707,8,M,1,0,1,0,0,0,0,0,0,1,4,2,0,0,0,0,0,0,0,0,0,0,0,0,0,3,0,0
365,8,R2,1,0,0,0,0,0,0,0,1,0,1,0,0,0,0,0,0,0,0,0,0,3,771,0,0,2,0,0
771,8,L2,1,0,0,0,0,0,0,0,0,0,0,0,0,0,0,0,0,0,0,3,4,0,0,0,0,1,0,0
2830,8,L2,1,0,0,0,0,0,0,0,0,0,0,0,0,0,0,0,0,0,1,3,2,0,0,0,0,1,0,0
190,8,R2,1,0,0,0,0,0,0,0,0,0,1,2,2,0,0,0,0,0,0,0,0,2,2630,0,0,3,0,0
3146,9,L2,1,0,0,0,0,1,0,0,0,0,2,1,1,0,2,0,0,1,0,0,0,0,0,0,0,1,2,0
1218,9,R2,1,0,1,0,0,0,0,0,0,0,5,0,0,0,0,0,0,1,0,0,0,0,0,0,0,3,0,0
3542,9,M,1,0,1,0,0,0,0,0,0,0,0,2,2,2,2,2,2,1,0,0,0,0,0,0,0,2,0,0
449,9,M,1,0,1,0,0,0,0,0,0,1,2,3,0,0,0,0,0,0,0,0,0,0,0,0,0,2,0,0
7462,9,R2,1,0,0,0,0,0,0,0,0,1,0,0,0,0,0,0,0,0,1,0,0,0,0,0,0,1,0,0
7719,9,L2,1,0,0,0,0,0,0,0,0,0,0,0,1,0,0,0,0,0,0,0,0,0,0,0,0,0,0,0
5084,10,R2,1,0,1,0,0,0,0,0,0,0,6,0,0,0,1,0,0,0,0,0,0,0,0,0,0,2,2,0
191,10,M,1,0,0,0,0,0,0,0,0,0,0,0,0,0,0,0,0,0,0,1,1,0,0,0,3,0,0,0
88,10,L2,1,0,0,0,0,0,1,0,0,1,1,3,0,0,3,0,0,0,1,0,0,0,0,0,0,3,3,0
1676,10,R2,1,1,0,0,0,0,0,0,0,0,0,0,2,2,0,0,1,1,0,0,0,0,0,0,0,2,2,0
175,10,M,0,0,0,0,0,0,0,0,0,1,0,0,0,1,0,0,0,1,0,0,0,0,0,0,0,2,2,0
3667,10,L2,1,0,0,0,0,0,0,0,0,0,1,2,0,0,2,0,0,0,1,0,0,0,0,0,0,3,3,0
772,11,M,1,0,0,0,0,0,0,0,0,0,4,0,0,0,0,0,0,1,1,0,0,0,0,0,0,3,0,0
4143,11,M,1,0,0,0,0,0,0,0,0,0,2,0,0,0,0,0,0,0,2,0,0,0,0,0,0,3,0,0
1024,11,R2,1,1,0,0,0,0,0,0,0,1,0,2,0,1,0,0,0,3,1,0,0,0,0,0,0,1,0,0
7673,11,R2,1,0,0,0,0,0,0,0,0,0,1,0,0,0,0,0,0,0,0,0,0,0,0,0,2,2,0,0
2265,11,L2,1,0,0,0,0,0,0,0,1,1,3,0,0,0,0,0,0,1,0,0,0,0,0,0,0,1,2,0
353,11,L2,1,0,0,0,0,0,0,0,0,0,0,0,0,0,0,0,0,0,0,3,4,0,0,0,0,1,0,0
16,12,L1,1,0,0,0,0,0,2,0,0,0,1,2,1,2,2,2,2,0,0,0,0,0,0,0,0,1,1,0
250,12,R2,1,0,0,0,0,0,0,0,0,1,1,0,0,0,0,0,0,3,0,2,3,0,0,0,0,1,1,0
6401,12,L2,0,0,0,0,0,0,0,0,0,0,0,0,0,0,0,0,0,1,0,3,2,0,0,0,0,1,1,0
2791,12,R1,1,0,0,0,0,0,0,0,0,0,1,1,1,1,0,0,0,2,1,0,0,1,6401,0,0,3,3,0
1781,12,L2,1,0,0,0,0,0,0,0,0,1,0,0,0,0,0,0,0,0,0,2,1,0,0,0,0,2,2,0
868,12,R2,1,0,0,0,0,1,0,0,0,1,3,1,0,0,0,0,0,1,0,0,0,2,250,0,0,1,3,0
836,13,M,1,0,1,0,0,0,0,0,0,0,0,4,0,0,2,0,0,1,0,0,0,3,7651,0,0,3,0,0
7651,13,L2,1,0,0,0,0,0,0,0,0,0,0,0,0,0,0,0,0,1,0,3,2,0,0,0,0,1,0,0
5501,13,M,1,0,1,0,0,0,0,0,0,1,0,2,0,0,0,0,0,0,0,0,0,0,0,0,0,2,0,0
2830,13,R2,1,0,0,0,0,0,0,0,0,1,3,0,0,0,0,0,0,1,0,0,0,0,0,0,0,2,0,0
1317,13,L2,1,0,0,0,0,0,0,0,0,0,1,0,0,0,0,0,0,2,0,0,0,0,0,0,0,2,0,0
5348,13,R2,1,0,0,1,0,0,0,0,0,1,4,0,0,0,1,0,0,1,0,0,0,0,0,0,0,1,0,0
503,14,L1,1,1,0,0,0,0,0,0,0,0,0,2,2,0,0,2,0,1,1,0,0,0,0,0,0,3,3,0
449,14,M,0,0,1,0,0,0,0,0,0,1,2,2,0,0,1,0,0,1,0,0,0,0,0,0,0,1,1,0
4253,14,M,1,0,0,0,0,0,0,0,1,0,3,1,1,0,1,0,1,0,1,0,0,0,0,0,0,0,1,0
6806,14,R2,1,0,0,1,0,0,0,0,0,0,0,0,0,0,0,0,0,0,0,3,4,0,0,1,0,2,2,0
51,14,R2,1,0,0,0,0,0,0,0,0,2,3,1,0,0,1,0,0,0,0,0,0,1,6806,0,0,3,3,0
225,14,L2,1,0,0,0,0,1,0,0,0,0,1,1,2,2,0,0,0,0,0,0,0,0,0,0,0,1,1,0
3044,15,R2,1,0,0,1,0,0,0,0,0,0,5,0,0,0,2,0,0,1,0,0,0,0,0,0,0,2,2,0
1218,15,M,1,0,0,0,0,0,0,0,1,0,0,2,2,1,0,0,0,0,1,0,0,0,0,0,0,2,2,0
3667,15,L1,1,0,0,1,0,0,0,0,0,2,0,4,0,0,0,0,0,0,1,0,0,0,0,0,0,3,3,0
7480,15,M,1,0,0,0,0,0,0,0,1,0,0,0,0,0,0,0,0,0,0,3,2,0,0,0,0,2,2,0
7462,15,R2,0,0,0,0,0,0,0,0,0,0,1,0,0,0,0,0,0,0,0,3,2,0,0,0,0,1,1,0
3604,15,L2,0,0,0,0,0,0,0,1,0,0,6,0,0,0,1,0,0,2,0,0,0,2,7480,0,0,3,3,0
1058,16,R1,0,0,0,0,0,0,0,0,1,1,0,2,1,2,0,0,0,0,0,0,0,0,0,0,0,1,1,0
3624,16,M,0,0,0,0,0,0,0,0,0,0,0,0,0,0,0,0,0,0,1,2,3,0,0,0,0,2,2,0
2502,16,R2,1,0,0,1,0,0,0,0,0,1,3,0,0,0,0,0,0,0,0,0,0,0,0,0,0,3,3,0
771,16,R2,1,0,1,0,0,0,0,0,0,0,0,0,0,0,0,0,0,0,0,3,4,0,0,1,0,1,1,0
1676,16,L2,1,1,0,0,0,0,0,0,0,0,2,1,0,2,0,0,2,0,0,0,0,0,0,0,0,2,2,0
3618,16,L2,1,0,0,1,0,0,0,0,0,0,3,0,0,0,1,0,0,0,0,0,0,1,3624,0,0,1,2,0
3542,17,M,1,0,1,0,0,0,0,0,0,0,0,2,2,2,0,2,1,1,0,0,0,0,0,0,0,0,3,0
7885,17,L2,1,0,0,0,0,0,0,0,0,0,0,0,0,0,0,0,0,0,0,3,2,0,0,0,0,1,2,0
2265,17,L2,0,0,0,0,0,1,0,0,0,0,3,0,1,0,0,0,0,1,1,0,0,0,0,0,0,1,1,0
1690,17,R2,1,0,0,0,0,2,0,0,0,0,2,2,1,2,2,2,2,0,0,0,0,0,0,0,0,1,1,0
125,17,R1,0,0,0,0,0,1,0,0,1,0,1,0,1,1,0,2,2,1,0,0,0,3,7885,0,0,3,3,0
175,17,M,1,0,0,0,0,0,0,0,0,3,1,0,0,0,2,0,0,0,0,0,0,0,0,0,0,1,1,0
5811,18,M,0,0,1,0,0,0,0,0,0,1,0,1,0,0,0,0,0,1,0,1,4,0,0,0,0,0,0,0
3381,18,M,0,0,0,0,0,0,0,0,0,0,3,0,0,0,2,1,0,1,0,0,0,0,0,0,0,1,1,0
1923,18,L1,1,0,0,0,0,0,1,0,0,0,1,1,2,2,1,0,0,1,1,0,0,1,5811,0,0,0,0,0
772,18,L2,1,0,0,0,0,0,0,0,0,1,1,0,0,1,0,1,0,0,0,0,0,0,0,0,0,2,2,0
245,18,L2,1,0,0,0,0,1,0,0,0,0,0,1,2,1,3,2,0,0,0,0,0,0,0,0,0,3,3,0
88,18,R2,1,0,0,0,0,1,0,0,0,0,4,1,0,0,3,0,0,0,1,0,0,0,0,0,0,3,3,0
1918,19,R2,0,0,0,0,0,1,0,0,0,0,2,1,2,2,1,2,1,0,0,0,0,2,5951,0,0,0,0,0
217,19,R1,1,0,0,0,0,2,0,0,0,0,0,2,1,2,1,2,2,0,1,0,0,0,0,0,0,0,0,0
190,19,L2,1,0,1,0,0,0,0,0,0,0,4,0,0,0,1,2,1,4,0,0,0,0,0,0,0,3,3,0
3146,19,M,1,0,1,0,0,0,0,0,0,0,1,0,0,0,0,1,0,2,0,1,3,1,5951,0,0,3,3,0
217,19,R1,0,0,0,0,0,2,0,0,0,0,0,1,1,2,1,2,2,0,1,0,0,0,0,0,0,0,1,0
2791,19,L2,1,0,0,0,0,0,0,0,0,0,0,0,2,0,0,0,0,0,2,0,0,0,0,0,2,0,0,0
7719,20,L2,1,0,0,0,0,0,0,0,1,0,2,0,0,0,0,0,0,0,0,1,1,0,0,0,0,1,1,0
4143,20,R2,1,0,0,0,0,0,0,0,0,0,0,1,0,0,2,1,0,0,0,0,0,3,4481,0,0,3,3,0
5943,20,L2,0,0,0,1,0,0,0,0,0,0,1,0,0,0,3,0,0,1,0,0,0,0,0,0,0,0,0,0
103,20,R1,0,0,0,0,0,1,0,0,0,0,0,0,2,2,0,1,2,0,1,0,0,0,0,0,0,1,2,0
4481,20,R2,1,0,0,0,0,0,0,0,0,0,0,2,0,0,0,0,0,0,0,3,2,0,0,1,0,3,3,0
7673,20,M,1,0,1,0,0,0,0,0,0,0,0,1,0,0,0,0,0,3,1,2,0,0,0,0,0,0,1,0
191,21,L2,1,0,0,0,0,1,0,0,0,0,1,1,2,0,0,0,0,0,1,0,0,0,0,0,0,2,2,0
16,21,L1,1,0,0,0,0,2,0,0,0,0,0,0,2,3,0,3,2,0,0,0,0,2,365,0,0,1,3,0
365,21,M,1,0,1,0,0,0,0,0,0,0,4,2,0,0,2,0,0,2,0,0,0,0,0,0,0,3,3,0
1792,21,M,1,0,0,1,0,0,0,0,0,0,0,2,2,0,0,0,0,2,0,0,0,1,353,0,0,0,3,0
353,21,R2,1,0,0,1,0,0,0,0,0,0,0,0,0,0,0,0,0,0,0,3,3,0,0,0,0,2,2,0
2500,21,L2,1,0,1,0,0,0,0,0,0,0,0,0,0,0,0,0,0,0,0,0,0,0,0,0,3,0,0,0
3926,22,L2,1,1,0,0,0,0,0,0,0,2,0,4,0,0,0,0,0,0,1,0,0,1,1781,0,0,3,3,0
1781,22,M,1,0,0,0,0,0,0,0,0,1,0,0,0,0,0,0,0,0,0,3,3,0,0,1,0,1,1,0
3707,22,L1,1,0,0,1,0,0,0,0,0,0,5,0,0,0,3,2,0,0,0,0,0,1,1781,0,0,1,3,0
3555,22,L2,1,0,0,0,0,1,0,0,0,1,4,1,0,0,2,0,0,0,0,0,0,0,0,0,0,2,2,0
5567,22,M,1,0,1,0,0,0,0,0,0,0,0,0,3,0,0,0,0,0,1,0,0,2,1781,0,0,2,2,0
2337,22,R2,1,0,0,0,0,0,0,0,0,0,3,2,0,0,1,0,0,2,0,0,0,0,0,0,0,3,3,0
4381,23,M,0,0,1,0,0,0,0,0,0,0,1,0,0,0,2,0,2,1,0,0,0,0,0,0,0,0,1,0
1024,23,R2,1,1,0,0,0,0,0,0,0,0,0,2,2,1,0,0,0,0,0,0,0,0,0,0,0,1,1,0
5084,23,M,1,0,1,0,0,0,0,0,0,1,0,0,0,0,1,2,0,1,1,0,0,0,0,0,0,2,2,0
2502,23,L2,0,0,0,0,0,0,0,0,0,0,3,0,0,0,0,0,0,2,0,0,0,0,0,0,0,3,3,0
236,23,L2,1,0,0,0,0,1,0,0,0,0,0,2,1,2,0,2,1,0,0,0,0,0,0,0,0,1,2,0
2771,23,R1,1,0,0,0,0,0,1,0,0,0,0,1,2,2,3,2,1,0,0,0,0,0,0,0,0,3,3,0
245,24,L2,1,0,1,0,0,0,0,0,0,0,6,0,0,0,1,2,0,1,0,0,0,2,2791,0,0,3,3,0
7651,24,R2,1,0,0,0,0,0,0,0,0,0,0,0,0,0,1,0,0,1,0,2,2,0,0,0,0,1,1,0
125,24,L1,1,0,0,0,0,2,3,0,0,0,0,2,1,2,2,2,1,0,0,0,0,0,0,0,0,3,3,0
1918,24,R2,1,0,0,0,0,1,0,0,0,0,0,1,1,1,1,1,0,1,2,0,0,2,2791,0,0,1,1,0
1218,24,M,0,0,1,0,0,0,0,0,0,0,0,0,0,0,0,0,0,0,0,3,1,0,0,1,0,0,1,0
2791,24,M,1,0,1,0,0,0,0,0,0,0,0,0,0,0,0,0,0,0,2,2,3,0,0,0,0,1,2,0
250,25,L2,0,0,0,0,0,0,0,0,0,1,0,0,0,0,0,0,0,0,0,3,4,0,0,0,0,1,1,0
3146,25,M,0,0,0,0,0,0,0,0,0,4,0,0,0,0,0,0,0,0,2,0,0,0,0,0,0,1,1,0
3618,25,R2,1,0,0,1,0,0,0,0,0,0,4,0,0,0,0,0,0,2,0,0,0,0,0,0,0,1,1,0
225,25,R2,0,0,0,0,0,1,0,0,0,0,1,1,0,1,0,0,0,1,0,0,0,3,250,0,0,3,3,0
7885,25,M,1,0,0,0,0,0,0,0,0,0,0,0,0,0,0,0,0,0,0,3,1,0,0,0,0,1,1,0
2830,25,L2,1,0,1,0,0,0,0,0,0,0,3,2,0,0,0,0,0,2,1,0,0,0,0,0,0,2,2,0
365,26,L2,1,0,0,0,0,0,0,0,0,0,0,0,0,2,0,1,2,3,0,0,0,0,0,0,0,2,2,0
4253,26,R2,1,1,0,0,0,0,0,0,0,0,1,0,2,2,0,0,0,1,0,0,0,0,0,0,0,3,3,0
217,26,L1,1,0,0,0,0,0,0,0,0,0,0,2,2,2,0,2,2,1,0,0,0,0,0,0,0,2,2,0
1792,26,M,0,0,0,0,0,0,0,0,0,0,0,0,0,0,0,0,0,0,0,0,0,0,0,0,0,0,0,0
3624,27,L2,1,0,0,0,0,1,0,0,0,0,0,0,0,0,0,0,0,0,0,3,3,0,0,0,0,0,0,0
3542,27,M,0,0,0,0,0,0,0,0,0,0,1,1,1,2,0,0,0,0,0,0,0,0,0,0,0,2,3,0
868,27,R2,1,0,0,0,0,0,0,0,0,1,0,2,1,0,2,0,0,1,0,0,0,0,0,0,0,0,3,0
7480,27,M,1,0,0,0,0,0,0,0,0,1,2,0,0,0,0,0,0,1,1,0,0,0,0,0,0,2,2,0
3555,28,R2,1,0,1,0,0,0,0,0,0,1,1,2,0,0,2,0,0,0,1,0,0,0,0,0,0,2,2,0
772,28,M,0,0,0,0,0,0,0,0,0,1,1,0,0,0,0,0,0,0,0,0,0,1,6401,0,0,1,1,0
6401,28,R1,1,0,0,1,0,0,0,0,0,0,0,0,0,0,0,0,0,0,0,3,2,0,0,0,0,2,2,0
5348,28,L2,1,0,0,1,0,0,0,0,0,0,6,0,0,0,0,0,0,0,0,0,0,2,6401,0,0,3,3,0
2337,28,R2,1,0,0,0,0,0,1,0,0,0,0,0,0,0,0,0,0,0,0,0,0,0,0,0,3,0,0,0
51,28,L2,1,0,0,0,0,0,0,0,0,0,3,2,0,0,3,0,0,0,0,0,0,0,0,0,0,3,3,0
191,29,R2,1,0,0,0,0,1,0,0,0,0,0,1,0,0,0,0,0,0,1,3,2,0,0,0,0,1,1,0
190,29,R2,1,0,0,0,0,1,0,0,0,0,4,0,0,0,0,0,0,0,0,0,0,1,191,0,0,3,3,0
4381,29,R1,1,0,0,0,0,1,0,0,0,0,0,1,2,2,0,0,0,0,1,0,0,0,0,0,0,3,3,0
1781,29,M,0,0,0,0,0,0,0,0,0,1,0,0,0,0,0,0,0,0,0,0,0,0,0,0,0,2,2,0
5943,29,L2,1,0,0,1,0,0,0,0,0,0,1,0,0,0,2,1,0,1,0,0,0,0,0,0,0,1,2,0
1690,29,L2,1,0,0,0,0,2,2,0,0,0,2,2,0,2,0,2,1,2,1,0,0,0,0,0,0,0,0,0
5084,30,R2,1,0,0,0,0,1,0,0,0,0,5,0,0,0,1,0,0,1,0,0,0,0,0,0,0,2,2,0
836,30,M,1,0,1,0,0,0,0,0,0,0,0,2,0,0,2,0,0,0,2,0,0,0,0,0,0,3,3,0
449,30,M,1,0,1,0,0,0,0,0,0,1,1,1,0,0,3,0,0,1,0,0,0,0,0,0,0,0,0,0
1058,30,R1,1,0,0,0,0,1,0,0,0,0,0,1,2,0,2,2,0,1,0,0,0,0,0,0,0,2,2,0
1923,30,L1,1,0,0,0,0,1,0,0,0,0,1,1,2,2,0,2,2,2,0,0,0,0,0,0,0,3,3,0
2265,30,L2,1,0,0,0,0,0,0,0,0,0,3,0,0,0,0,0,0,1,1,0,0,0,0,0,0,0,1,0
3381,31,M,1,0,0,0,0,0,0,0,0,0,3,0,0,0,1,0,0,1,0,0,0,0,0,0,0,1,0,0
103,31,L1,1,0,0,0,0,0,0,0,1,0,0,2,2,2,0,0,0,0,1,0,0,0,0,0,0,2,0,0
3604,31,R2,1,0,0,1,0,0,0,0,0,0,3,0,0,0,1,2,2,0,0,0,0,0,0,0,0,3,0,0
1024,31,L2,0,0,0,0,0,0,0,0,0,0,0,0,0,0,0,0,0,0,0,0,0,0,0,0,0,0,0,0
3604,31,M,1,0,1,0,0,0,0,0,0,1,0,1,2,2,0,0,0,0,0,0,0,0,0,0,0,1,1,0
16,31,R2,1,0,0,0,0,2,0,0,0,0,0,2,1,2,0,2,2,1,1,0,0,0,0,0,0,3,3,0
3707,32,M,1,0,1,0,0,0,0,0,0,0,0,2,2,0,2,1,0,0,0,0,0,0,0,0,0,3,3,0
4481,32,R2,1,0,0,0,0,1,0,0,0,1,0,1,3,2,0,0,0,0,0,0,0,0,0,0,0,3,3,0
3926,32,L2,1,1,0,0,0,0,0,0,0,3,0,2,0,0,0,0,0,0,3,0,0,0,0,0,0,2,2,0
236,32,L1,0,0,0,0,0,0,0,0,0,0,2,0,0,1,0,0,0,0,0,0,0,2,2500,0,0,2,2,0
2500,32,M,1,0,1,0,0,0,0,0,0,0,0,0,0,0,0,0,0,0,1,3,2,0,0,0,0,1,1,0
6806,32,R1,1,1,0,0,0,0,0,0,0,0,3,0,0,0,0,0,0,0,0,0,0,0,0,0,0,2,2,0
5567,33,M,1,0,1,0,0,0,0,0,0,0,0,3,0,2,0,0,0,0,0,0,0,0,0,0,0,2,2,0
3044,33,R2,1,0,0,1,0,0,0,0,0,0,0,0,0,0,0,0,0,0,0,0,0,0,0,0,0,0,0,0
5501,33,M,1,0,0,0,0,0,0,0,0,1,0,0,0,0,0,0,0,0,0,2,1,0,0,0,0,2,2,0
4143,33,R2,1,0,0,0,0,0,0,0,0,1,2,1,1,0,1,0,1,0,0,0,0,0,0,0,0,3,3,0
88,33,L2,1,0,0,0,0,0,0,0,0,0,0,1,0,0,1,2,2,0,0,0,0,2,3501,0,0,2,2,0
1317,33,L2,1,0,0,1,0,0,0,0,0,1,0,2,1,0,0,0,0,1,1,0,0,0,0,0,0,2,2,0
175,34,M,1,0,0,0,0,0,0,0,0,0,3,2,1,0,0,0,0,0,1,0,0,0,0,0,0,2,2,0
353,34,L2,1,0,0,0,0,0,0,0,0,0,4,0,0,0,0,0,0,2,0,0,0,0,0,0,0,1,2,0
771,34,R2,1,0,0,0,0,0,0,0,0,1,0,0,0,0,0,0,0,0,0,3,2,0,0,0,0,1,1,0
0,34,L1,1,1,0,0,0,0,0,0,0,0,0,1,0,0,1,0,0,2,0,0,0,0,0,0,0,3,3,0
868,35,L2,1,0,0,0,0,1,0,0,0,1,0,1,1,1,0,0,0,0,1,0,0,0,0,0,0,3,3,0
2337,35,M,1,0,1,0,0,0,0,0,0,0,0,1,2,0,0,0,0,0,0,0,0,0,0,0,0,2,2,0
5943,35,R2,1,0,0,1,0,0,0,0,0,0,0,0,0,0,0,1,0,0,0,3,2,0,0,0,0,1,0,0
3618,35,L2,1,0,0,1,0,0,0,0,0,0,3,0,0,0,0,0,0,1,0,0,0,0,0,0,0,1,1,0
1058,35,M,1,0,1,0,0,0,0,0,0,1,1,1,0,0,1,0,0,4,0,0,0,0,0,0,0,1,1,0
2337,35,R2,1,0,0,0,0,1,0,0,0,0,2,2,0,0,1,0,0,0,1,0,0,0,0,0,0,3,3,0
3146,36,R2,1,0,0,0,0,0,0,0,0,0,2,0,1,0,1,0,0,1,0,0,0,0,0,0,0,1,2,0
51,36,R2,1,1,0,0,0,0,0,0,0,0,6,0,0,0,0,0,0,1,0,0,0,0,0,0,0,3,3,0
103,36,L1,1,0,0,0,0,1,0,0,0,0,0,0,2,2,1,0,1,0,1,0,0,0,0,0,0,2,2,0
191,36,L2,1,0,0,0,0,0,0,0,0,0,0,0,0,0,0,0,0,0,0,0,0,0,0,0,0,1,1,0
245,36,L2,1,0,1,0,0,0,0,0,0,1,4,0,0,0,0,0,0,0,1,0,0,0,0,0,0,0,3,0
2265,36,M,1,0,0,0,0,0,0,0,0,0,0,1,0,0,0,0,0,1,0,0,0,0,0,0,0,1,1,0
7719,37,R2,1,0,0,0,0,0,0,0,0,0,0,0,0,0,0,0,0,0,0,3,1,0,0,1,0,0,1,0
2771,37,M,1,0,0,0,0,0,0,0,0,0,0,1,0,0,0,0,0,0,0,3,1,0,0,0,0,0,1,0
2791,37,L2,1,0,0,0,0,2,0,0,0,0,0,2,1,2,1,2,1,0,0,0,0,0,0,0,0,2,2,0
1676,37,L2,1,0,1,0,0,0,0,0,0,0,3,0,0,0,2,2,0,0,0,0,0,0,0,0,0,2,2,0
1923,37,L1,1,0,0,0,0,1,0,0,0,0,0,1,1,2,1,0,0,0,1,0,0,0,0,0,0,3,3,0
1690,37,R2,1,0,0,0,0,1,2,0,0,0,1,1,3,2,0,0,0,0,0,0,0,0,0,0,0,1,1,0
5567,38,M,0,0,0,0,0,0,0,0,0,0,0,0,0,0,0,0,0,0,0,3,4,0,0,0,0,2,2,0
16,38,L1,1,0,0,0,0,2,0,0,0,0,2,2,1,2,2,2,2,0,0,0,0,0,0,0,0,3,3,0
772,38,R2,0,0,0,0,0,0,0,0,0,1,4,0,0,0,0,0,0,0,0,0,0,0,0,0,0,2,2,0
236,38,L1,1,0,0,0,0,1,0,0,0,0,0,0,1,0,0,0,0,0,1,0,0,0,0,0,0,1,1,0
3667,38,R1,1,0,0,0,0,0,0,0,1,1,2,0,0,0,1,0,0,1,0,1,1,0,0,0,0,1,1,0
1218,39,L2,1,0,0,0,0,0,0,0,0,1,0,0,0,0,0,0,0,0,0,3,3,0,0,0,0,3,3,0
503,39,M,1,0,1,0,0,0,0,0,0,0,4,0,0,0,1,0,0,2,0,0,0,0,0,0,0,0,3,0
3624,39,R2,1,0,0,0,0,0,0,0,0,0,0,1,0,0,0,0,0,0,0,3,3,0,1218,1,0,1,2,0
3707,39,M,1,0,0,0,0,0,0,0,0,1,0,3,0,0,3,0,0,1,1,0,0,2,3624,0,0,2,2,0
5348,39,R2,1,0,0,1,0,0,0,0,0,1,5,0,0,0,0,0,0,0,0,0,0,1,3624,0,0,1,1,0
7885,39,L2,1,0,0,0,0,1,0,0,0,1,0,2,0,0,0,0,0,0,2,0,0,0,0,0,0,0,2,0
3604,40,R2,1,0,0,1,0,0,0,0,0,0,5,0,0,0,1,0,0,3,0,0,0,0,0,0,0,1,2,0
4381,40,M,1,0,0,0,0,0,0,0,0,0,2,0,0,1,0,0,0,0,0,0,0,0,0,0,0,3,3,0
771,40,L2,1,0,0,0,0,0,0,0,0,0,0,0,0,0,0,0,0,0,1,3,3,0,0,0,0,1,2,0
6806,40,R2,1,0,0,1,0,0,0,0,0,0,0,0,0,0,0,0,0,0,0,3,1,0,0,0,0,1,1,0
217,40,L1,1,0,0,0,0,2,0,0,0,0,2,0,0,0,0,0,0,0,1,0,0,0,0,0,0,1,1,0
836,40,M,1,0,1,0,0,0,0,0,0,2,0,4,0,0,1,0,0,0,0,0,0,0,0,0,0,3,3,0
4481,41,R2,1,0,0,0,0,0,0,0,0,1,0,2,3,1,0,0,0,0,0,0,0,0,0,0,0,0,0,0
449,41,M,1,0,1,0,0,0,0,0,0,0,1,2,0,0,2,0,0,1,1,0,0,0,0,0,1,0,3,0
3555,41,R1,1,0,0,0,0,0,0,0,0,1,3,2,0,0,2,0,0,1,0,0,0,0,0,0,0,1,1,0
88,41,L2,1,0,0,0,0,1,0,0,0,0,0,1,0,0,1,1,0,1,0,0,0,3,2830,0,0,3,3,0
5951,41,M,1,0,1,0,0,0,0,0,0,1,4,0,0,0,1,0,0,0,0,0,0,0,0,0,0,2,2,0
2830,41,L2,1,1,0,0,0,0,0,0,0,0,0,0,0,0,0,0,0,0,0,0,0,2,2,0,0,2,2,0
5084,42,R2,1,0,0,0,0,0,0,0,1,1,3,0,0,0,0,0,0,1,0,1,2,0,0,0,0,3,3,0
250,42,L1,1,0,0,0,0,0,0,0,0,0,0,1,0,0,0,0,0,0,0,3,4,0,0,0,0,1,1,0
7480,42,L2,1,0,0,0,0,0,0,0,0,1,0,0,0,0,0,0,0,0,0,3,2,0,0,0,0,1,2,0
5811,42,M,1,0,1,0,0,0,0,0,0,0,3,1,1,0,2,0,0,0,0,0,0,0,0,0,0,1,2,0
365,42,R2,1,0,0,0,0,0,0,0,0,0,2,1,0,0,0,0,0,0,0,0,0,3,250,1,0,3,3,0
4143,42,L2,1,0,0,0,0,0,1,0,0,0,0,1,2,1,1,0,0,2,0,0,0,1,0,0,0,0,1,0
7673,43,L2,1,0,0,0,0,0,0,0,0,0,0,2,0,0,2,0,0,0,1,0,0,0,0,0,0,2,2,0
190,43,R2,1,0,1,0,0,0,0,0,0,0,0,3,0,1,0,0,0,0,0,0,0,0,0,0,0,2,2,0
2502,43,L2,1,0,0,0,0,0,0,0,0,0,6,0,0,0,0,0,0,0,0,0,0,0,0,0,0,3,3,0
7462,43,L2,1,0,0,0,0,0,0,0,0,0,0,0,0,0,0,0,0,0,1,3,2,0,0,0,0,1,1,0
2500,43,M,1,0,0,0,0,0,0,0,0,0,0,2,0,0,0,0,0,0,0,2,3,0,0,0,0,1,1,0
175,44,R2,1,0,0,0,0,0,0,0,1,0,5,0,0,0,2,1,1,0,0,0,0,0,0,0,0,2,2,0
225,44,L2,1,0,0,0,0,1,1,0,0,0,0,1,2,2,2,1,2,0,0,0,0,2,1781,0,0,3,3,0
3381,44,L1,1,0,0,0,0,0,0,0,0,0,5,0,0,0,0,1,0,0,0,0,0,0,0,0,0,1,1,0
1781,44,M1,1,0,0,0,0,0,0,0,0,1,0,0,0,0,0,0,0,0,0,3,2,0,0,0,0,3,3,0
1317,44,L2,1,0,0,0,0,0,0,0,0,0,0,0,0,0,0,0,0,0,0,2,2,0,0,0,3,0,0,0
125,45,L1,1,0,0,0,0,1,0,0,0,0,1,0,1,2,0,1,0,2,0,0,0,0,0,0,0,3,3,0
353,45,L2,0,0,0,0,0,0,0,0,0,0,0,0,0,0,0,0,0,1,0,3,2,0,0,0,0,1,2,0
3044,45,L2,1,0,0,0,0,0,0,0,0,0,7,0,0,0,1,0,0,0,0,0,0,1,353,1,0,2,2,0
1024,45,M,1,0,1,0,0,0,0,0,0,1,0,2,1,0,0,0,0,0,0,0,0,1,0,0,0,1,1,0
3926,45,L2,1,1,0,0,0,0,0,0,0,2,0,2,0,0,0,0,0,0,0,0,0,0,0,0,0,3,3,0
6401,45,R2,1,0,0,1,0,0,0,0,0,0,0,0,0,0,0,0,0,0,0,3,3,0,0,0,0,2,2,0
5501,46,L2,1,0,0,0,0,0,0,0,1,0,0,0,0,0,0,0,0,0,0,2,3,0,0,0,0,1,2,0
7885,46,L2,1,0,0,0,0,0,0,0,0,0,0,0,0,0,0,0,0,0,0,0,0,0,0,0,0,1,1,0
103,46,M,1,0,0,0,0,1,0,0,0,0,0,0,0,0,1,0,0,2,0,0,0,2,771,0,0,2,3,0
4253,46,L1,1,0,0,1,0,0,0,0,0,1,4,0,0,0,0,0,0,0,0,0,0,0,0,0,0,3,3,0
5951,46,R2,1,0,0,0,0,1,0,0,0,0,3,1,0,0,1,0,0,0,1,0,0,1,771,0,0,2,2,0
1218,47,L2,1,0,0,0,0,0,0,0,0,1,3,0,0,0,1,0,0,0,0,3,4,0,0,1,0,2,2,0
1676,47,R2,1,0,0,0,0,3,0,0,0,0,0,0,0,1,1,1,3,2,0,0,0,0,0,0,0,2,2,0
4143,47,M,1,0,0,0,0,1,0,0,0,0,2,0,0,1,0,0,0,0,3,0,0,3,830,0,0,2,2,0
836,47,M,1,0,0,1,0,0,0,0,0,0,0,1,0,0,0,0,0,0,0,0,0,0,0,0,0,0,0,0
3542,47,L1,1,0,1,0,0,0,0,0,0,0,0,2,2,2,1,1,1,1,0,0,0,0,0,0,0,1,1,0
7673,48,M,1,0,0,0,0,0,0,0,0,0,0,0,0,0,0,0,0,0,0,1,1,0,0,0,0,1,1,0
250,48,R2,1,0,0,0,0,0,0,0,0,0,1,0,0,0,0,0,0,0,0,3,4,0,0,1,0,1,1,0
1923,48,L1,1,0,0,0,1,0,0,0,0,2,0,2,2,0,0,1,0,1,0,0,0,0,0,0,0,1,1,0
3604,48,L1,1,0,0,0,0,0,0,0,0,0,6,0,0,0,3,0,0,0,0,0,0,0,0,0,0,3,3,0
2502,48,L2,1,0,0,0,0,0,0,0,0,0,3,2,0,0,1,0,0,0,0,0,0,0,0,0,0,3,3,0
5811,49,M,1,0,0,0,0,0,0,0,1,2,3,2,0,0,2,0,0,1,1,0,0,2,250,0,0,1,1,0
1317,49,R2,1,0,0,0,0,0,0,0,0,0,0,0,0,0,0,0,0,1,0,3,2,0,0,0,0,2,2,0
3667,49,L2,1,1,0,0,0,0,0,0,0,1,2,2,0,0,2,0,0,1,1,0,0,1,5943,1,0,3,3,0
1690,49,R1,1,0,0,0,0,2,2,0,0,0,2,0,0,2,0,2,0,1,1,0,0,2,1017,0,0,1,2,0
5943,49,R2,1,1,0,0,0,0,0,0,0,0,0,0,0,0,0,0,0,1,0,2,2,2,1317,0,0,1,2,0
3146,49,L2,1,0,1,0,0,0,0,0,0,1,3,2,0,0,2,0,0,1,0,0,0,0,0,0,0,3,3,0
1792,50,M,1,0,1,0,0,0,0,0,0,0,0,0,2,0,0,0,0,0,1,0,0,0,0,0,0,3,3,0
3555,50,L2,1,0,1,0,0,0,0,0,0,0,3,2,0,0,2,0,0,0,1,0,0,0,0,0,0,1,1,0
16,50,R1,1,0,0,0,0,0,2,0,0,0,1,1,2,0,0,0,0,1,0,0,0,1,3624,0,0,3,3,0
3044,50,R2,1,0,0,0,0,0,0,0,0,0,3,0,0,0,2,2,1,0,0,0,0,0,0,0,0,1,1,0
3624,50,R2,1,0,0,0,0,0,0,0,0,0,0,1,0,0,0,0,0,0,0,3,3,0,0,0,0,1,2,0
1918,50,L2,1,0,0,0,0,1,0,0,0,2,1,2,1,2,1,1,1,0,1,0,0,0,0,0,0,0,0,0
7651,51,R2,1,0,0,0,0,0,0,0,0,2,1,1,1,2,1,1,1,1,1,3,1,0,0,0,0,1,1,0
191,51,R2,0,0,0,0,0,0,0,0,0,0,0,0,0,0,1,0,0,0,0,2,3,0,0,0,0,1,2,0
217,51,M,1,0,0,0,0,2,0,0,0,0,0,1,1,1,1,0,1,0,1,0,0,1,191,0,0,1,1,0
449,51,M,1,0,1,0,0,0,0,0,0,1,1,4,0,0,2,0,0,0,0,0,0,0,0,0,0,3,3,0
3618,51,L2,1,0,0,1,0,0,0,0,0,0,4,0,0,0,0,0,0,0,0,0,0,0,0,0,1,0,0,0
772,51,M,1,0,0,0,0,0,0,0,0,0,3,0,0,0,0,0,0,2,0,0,0,1,191,0,0,3,3,0
2500,52,R2,1,0,0,0,0,0,1,0,0,1,0,0,0,0,0,0,0,0,0,0,3,0,0,0,0,1,1,0
5348,52,R2,1,0,0,1,0,0,0,0,0,0,4,0,0,0,0,0,0,2,0,0,0,2,2500,0,0,3,3,0
175,52,L2,1,0,0,0,0,0,0,0,0,0,3,0,0,0,1,0,0,2,0,0,0,1,353,0,0,1,0,0
2771,52,M,1,0,0,0,0,0,1,0,0,3,0,1,0,0,2,0,0,0,0,0,0,2,353,0,0,1,1,0
3926,52,L2,1,0,0,0,0,0,0,0,0,0,3,1,0,0,0,0,0,0,0,0,0,0,0,0,0,2,2,0
2830,52,M,1,0,0,1,0,0,0,0,0,0,0,0,0,0,0,0,0,0,0,3,2,0,0,0,0,2,2,0
1058,53,L1,1,0,0,0,0,1,0,0,0,0,0,1,0,2,0,0,0,0,1,0,0,3,6401,0,0,2,2,0
1781,53,M,1,0,1,0,0,0,0,0,0,1,2,0,0,0,0,0,0,0,0,0,0,0,0,0,0,3,3,0
6806,53,L2,1,0,0,1,0,0,0,0,0,0,2,0,0,0,0,0,0,1,0,0,0,2,5501,0,0,2,2,0
6401,53,R2,1,0,0,1,0,0,0,0,0,0,0,0,0,0,0,0,0,0,0,3,3,0,0,0,0,2,2,0
7480,53,R1,1,0,0,0,0,0,0,0,1,0,4,0,0,0,1,0,0,0,0,0,0,1,6401,0,0,1,1,0
88,54,M,1,0,1,0,0,0,0,0,0,0,1,4,0,0,2,0,0,1,0,0,0,1,0,0,0,1,1,0
225,54,L2,1,0,0,0,0,1,0,0,0,0,2,1,0,1,2,0,0,0,0,0,0,3,4253,0,0,2,2,0
868,54,L2,1,0,0,0,0,0,0,0,0,1,1,2,0,0,0,0,0,2,0,0,0,2,125,0,0,3,3,0
236,54,M,1,0,1,0,0,0,0,0,0,0,2,0,0,0,0,0,0,0,0,2,2,1,4253,0,0,1,1,0
4253,54,R2,1,0,0,1,0,0,0,0,0,0,0,0,0,0,0,0,0,0,0,3,2,0,0,1,1,1,1,0
125,54,R1,1,0,0,0,0,2,0,0,0,0,1,2,1,2,0,2,2,0,3,0,0,0,0,0,0,1,3,0
3381,55,M,1,0,0,0,0,0,0,0,0,0,3,0,0,0,1,0,0,2,0,0,0,1,353,0,0,1,0,0
3707,55,L1,1,0,0,0,0,0,1,0,0,3,0,1,0,0,2,0,0,0,0,0,0,2,353,0,0,1,1,0
2265,55,M,1,0,0,0,0,0,0,0,0,0,3,1,0,0,0,0,0,0,0,0,0,0,0,0,0,2,2,0
353,55,R2,1,0,0,1,0,0,0,0,0,0,0,0,0,0,0,0,0,0,0,3,2,0,0,0,0,2,2,0
2791,55,R2,1,0,0,0,0,2,0,0,0,0,0,2,1,2,2,2,2,1,0,0,0,0,0,0,0,3,3,0
2265,55,L2,1,0,0,0,0,0,0,0,0,0,3,0,0,0,0,0,0,0,1,0,0,0,0,0,0,2,2,0
5567,56,R1,1,0,0,0,0,1,0,0,0,0,0,0,0,0,0,0,0,0,0,3,3,0,0,0,0,2,2,0
503,56,R1,1,0,0,0,0,0,0,0,1,0,0,0,0,0,0,0,0,0,0,3,2,0,0,0,0,3,3,0
5084,56,L2,1,0,0,0,0,0,0,0,0,0,5,1,0,0,0,1,0,1,0,0,0,0,0,0,0,2,2,0
1024,56,L2,1,1,0,0,0,0,0,0,0,0,0,3,3,0,0,0,0,0,0,0,0,0,0,0,0,1,1,0
190,56,R2,1,0,0,0,0,0,0,0,0,0,1,1,2,2,1,0,0,0,1,0,0,0,0,0,0,3,3,0
245,56,R2,1,0,0,0,0,0,0,0,0,3,5,0,0,0,1,0,0,0,0,0,0,0,0,0,0,1,1,0
4381,57,M,1,0,1,0,0,0,0,0,0,0,3,0,0,0,0,0,0,1,0,0,0,0,0,0,0,1,1,0
3542,57,M,1,0,1,0,0,0,0,0,0,0,0,2,2,0,2,1,0,0,3,0,0,0,0,0,1,0,0,0
4481,57,R2,1,0,0,0,0,0,0,0,0,1,0,0,0,0,0,0,0,0,0,3,2,0,0,0,0,0,3,0
365,57,L2,1,0,0,0,0,1,0,0,0,2,4,0,0,0,0,0,0,1,0,0,0,0,0,0,0,3,3,0
1918,57,R2,1,0,0,0,0,1,0,0,0,0,1,1,1,2,1,1,0,1,0,0,0,3,4481,0,0,0,0,0
175,58,L2,1,0,0,0,0,0,0,0,0,0,0,0,1,2,0,1,0,0,1,0,0,0,0,0,0,2,2,0
5811,58,M,1,0,1,0,0,0,0,0,0,0,4,2,0,0,1,0,0,2,0,0,0,0,0,0,0,0,0,0
6806,58,R2,1,0,0,1,0,0,0,0,0,0,2,0,0,0,0,0,0,0,0,3,2,0,0,0,0,2,2,0
2502,58,R2,1,0,0,0,0,0,0,0,0,0,4,0,0,0,2,0,0,2,0,0,0,0,0,0,0,3,3,0
103,58,M,1,0,0,0,0,0,0,0,0,0,3,2,0,1,1,0,0,0,0,0,0,0,0,0,0,2,2,0
1792,58,L2,1,0,0,0,0,0,0,0,0,0,0,0,0,0,0,0,0,0,1,0,0,0,0,0,3,0,0,0
250,59,L2,1,0,0,1,0,0,0,0,0,0,0,0,0,0,0,0,0,0,0,3,2,0,0,0,0,1,1,0
1218,59,R2,1,0,0,0,0,0,0,0,0,1,2,2,0,0,0,0,0,2,0,0,0,0,0,0,0,3,3,0
1690,59,M,1,0,0,0,0,1,0,0,0,0,3,0,1,0,1,1,0,0,0,0,0,3,250,0,0,3,3,0
217,59,R1,1,0,0,0,0,0,0,0,0,0,0,2,0,0,2,0,0,2,2,0,0,3,5501,0,0,2,2,0
5501,59,L2,1,0,0,0,0,0,0,0,0,0,0,0,0,0,0,0,0,0,0,3,3,0,0,1,0,2,2,0
236,59,R2,1,0,0,0,0,0,0,0,0,1,3,1,0,1,0,0,0,2,0,0,0,0,0,0,0,1,1,0
3555,60,L2,1,0,1,0,0,0,0,0,0,0,0,0,0,0,0,0,0,0,0,3,3,0,0,0,0,2,2,0
3381,60,R1,1,0,0,0,0,0,0,0,0,0,5,0,0,0,0,0,0,1,0,0,0,2,191,0,0,1,1,0
4253,60,R1,1,0,0,1,0,0,0,0,0,0,4,0,0,0,0,0,0,1,0,0,0,3,3555,0,0,1,1,0
1058,60,M,1,0,0,0,0,1,0,0,0,2,0,2,0,0,0,0,0,1,3,0,0,0,0,0,0,3,3,0
3146,60,L2,1,0,0,0,0,1,0,0,0,0,4,0,0,0,1,0,0,1,0,0,0,2,3555,0,0,1,1,0
191,60,R2,1,0,1,0,0,0,0,0,0,0,0,0,0,0,0,0,0,0,0,3,3,0,0,0,0,2,2,0
16,61,L1,1,0,0,0,0,2,0,0,0,1,3,1,1,1,1,1,0,0,0,0,0,0,0,0,0,3,3,0
2337,61,L2,1,0,0,0,0,1,0,0,0,1,3,1,0,0,2,0,0,0,1,0,0,0,0,0,0,3,3,0
125,62,L1,1,0,0,0,0,1,0,0,0,0,0,1,2,2,1,2,1,0,0,0,0,0,0,0,0,1,3,0
5951,62,R2,1,0,0,0,0,1,0,0,0,0,1,0,0,0,0,0,0,0,0,3,4,0,0,0,0,2,2,0
1923,62,R1,1,0,0,0,0,1,0,0,0,0,0,1,1,0,1,0,0,0,2,0,0,2,0,0,0,1,1,0
3707,62,L1,1,0,0,0,0,1,0,0,0,1,2,1,2,1,2,2,0,0,1,0,0,2,5951,0,0,1,1,0
4143,62,M,1,0,0,0,0,0,0,0,0,0,3,1,0,0,0,2,2,0,0,0,0,0,0,0,0,3,3,0
1676,63,L2,1,0,0,0,0,1,0,0,0,0,1,1,2,2,2,2,2,0,0,0,0,0,0,0,0,2,2,0
4481,63,M,0,0,0,0,0,0,0,0,0,1,0,0,0,0,0,0,0,0,0,3,1,0,0,0,0,3,3,0
190,63,M,1,0,1,0,0,0,0,0,0,1,0,1,0,2,0,0,0,0,0,0,0,2,4481,0,2,0,0,0
51,63,R2,1,0,0,0,0,0,0,0,0,1,5,0,0,0,0,0,0,1,0,0,0,1,4481,0,0,3,3,0
353,63,L2,1,0,0,1,0,0,0,0,0,0,0,0,0,0,0,0,0,0,0,3,2,0,0,1,0,2,2,0
1676,63,R2,0,0,0,0,0,2,0,0,0,0,1,0,0,1,0,0,1,0,0,0,0,0,0,0,2,1,1,0
3618,64,R2,1,0,0,1,0,0,0,0,0,0,1,0,0,0,0,0,0,0,0,2,1,0,0,0,0,1,2,0
5567,64,M,1,0,1,0,0,0,0,0,0,0,0,0,2,0,0,0,0,0,1,0,0,3,6401,0,0,2,2,0
6401,64,R2,1,0,0,1,0,0,0,0,0,0,0,0,0,0,0,0,0,0,0,3,3,0,0,0,0,1,2,0
5348,64,L2,0,0,0,0,0,0,0,1,0,0,3,0,0,0,2,0,0,1,0,0,0,0,0,0,0,3,3,0
7673,64,M,1,0,1,0,0,0,0,0,0,0,0,2,0,0,0,0,0,0,1,0,0,0,0,0,0,1,1,0
1317,65,M,1,0,0,0,0,0,0,0,0,1,0,2,1,0,0,0,0,0,3,0,0,0,0,0,0,2,2,0
503,65,L1,1,1,0,0,0,0,0,0,0,0,0,2,2,2,0,2,2,1,0,0,0,0,0,0,0,0,0,0
2265,65,L2,1,0,0,0,0,0,0,0,0,1,3,0,0,0,0,0,0,1,0,0,0,1,7480,0,0,1,1,0
88,65,R2,1,0,0,0,0,1,0,0,0,1,5,1,0,0,1,0,0,2,0,0,0,0,0,0,0,3,3,0
3926,65,R2,1,0,0,0,0,0,0,0,1,3,0,1,0,0,0,0,0,0,1,0,0,1,7480,0,0,3,3,0
7480,65,L2,1,0,0,0,0,0,0,0,0,1,0,0,0,0,0,0,0,0,0,3,3,0,0,0,0,2,2,0
5943,66,L2,1,0,0,0,0,0,0,1,0,0,0,0,0,0,0,0,0,0,0,3,2,0,0,0,0,2,2,0
772,66,M,0,0,0,0,0,0,0,0,0,0,0,0,0,0,2,0,0,1,1,0,0,0,0,0,0,3,3,0
365,66,R2,1,0,0,0,0,0,0,0,0,0,0,2,2,2,1,1,0,0,0,0,0,0,0,0,0,1,1,0
3044,66,R2,1,0,0,0,0,0,0,0,0,0,6,0,0,0,0,0,0,1,0,0,0,2,5943,0,0,1,2,0
836,66,R2,1,0,1,0,0,0,0,0,0,3,0,1,0,0,2,0,0,0,0,0,0,2,5943,0,0,3,3,0
2771,66,L1,1,0,0,0,0,1,0,0,0,0,0,1,2,2,2,2,1,0,0,0,0,0,0,0,0,1,1,0
449,67,M,1,0,1,0,0,0,0,0,0,1,1,4,0,0,0,0,0,0,0,0,0,0,0,0,0,1,3,0
3604,67,R2,1,0,0,1,0,0,0,0,0,0,4,0,0,0,1,0,0,1,0,1,2,1,2500,0,0,1,2,0
2500,67,M,1,0,1,0,0,0,0,0,0,0,0,0,0,0,0,0,0,0,0,3,4,0,0,0,0,0,0,0
2791,67,L2,1,0,0,0,0,2,2,0,0,0,1,2,0,2,2,2,2,1,0,0,0,0,0,0,0,1,1,0
1781,67,R2,1,0,0,0,0,0,0,0,0,0,0,0,0,0,0,0,0,0,0,3,1,0,0,0,0,1,2,0
7885,67,R2,1,0,0,0,0,0,0,0,0,0,0,0,0,0,0,0,0,0,1,0,0,3,1781,0,0,1,1,0
3624,68,R2,1,0,0,0,0,0,0,0,0,1,0,0,0,0,0,0,0,0,0,3,2,0,0,0,0,1,1,0
225,68,R2,1,0,0,0,0,0,1,0,0,1,3,2,0,0,1,1,0,2,0,3,2,1,3624,0,0,3,3,0
2830,68,M,1,0,1,0,0,0,0,0,0,0,4,1,0,0,1,0,0,2,0,0,0,0,0,0,0,1,2,0
1024,68,L2,1,1,0,0,0,0,0,0,0,0,1,1,2,0,0,0,0,1,0,0,0,0,0,0,0,1,2,0
245,68,R2,1,0,0,0,0,0,1,0,0,0,0,1,2,1,0,2,0,0,1,0,0,2,3624,0,0,3,3,0
7462,68,M,1,0,0,0,0,0,0,0,0,1,1,0,0,0,0,0,0,0,0,3,1,0,0,0,0,1,1,0
5567,69,M,1,0,1,0,0,0,0,0,0,1,0,2,2,0,0,0,0,0,0,0,0,0,0,0,0,2,2,0
1792,69,M,1,0,0,0,0,0,0,0,1,1,0,2,2,0,0,0,0,0,0,0,0,0,0,0,0,1,2,0
1218,69,R2,1,0,0,0,0,0,0,0,0,0,2,0,0,0,2,0,0,1,1,0,0,0,0,0,0,3,3,0
5084,69,R2,0,0,0,0,0,0,0,0,1,0,4,0,0,0,1,0,0,1,2,0,0,0,0,0,0,2,3,0
3381,69,R1,1,0,0,1,0,0,0,0,0,0,3,0,0,0,1,0,0,2,1,0,0,0,0,0,0,1,1,0
7673,69,R2,1,0,0,0,0,1,0,0,0,0,4,1,0,0,0,0,0,2,0,0,0,0,0,0,0,1,2,0
1923,70,R1,1,0,0,0,0,2,0,0,0,1,0,1,3,0,0,0,0,0,2,0,0,1,7651,0,0,3,0,0
7651,70,L2,1,0,0,0,0,0,0,0,0,0,1,0,0,0,0,0,0,1,3,1,0,0,0,0,0,1,1,0
236,70,R2,1,1,0,0,0,0,0,0,0,1,2,0,0,0,0,0,0,0,0,0,0,3,6401,1,0,3,3,0
3146,70,R2,0,0,0,0,0,1,0,0,0,0,2,1,1,0,2,0,0,1,0,0,0,0,0,0,0,3,3,0
6401,70,L2,1,0,0,1,0,0,0,0,0,0,0,0,0,0,0,0,0,0,0,3,2,0,0,0,0,2,2,0
175,70,M,0,0,1,0,0,0,0,0,0,1,1,2,0,0,1,0,0,0,0,0,0,0,0,0,0,1,2,0
3707,71,R1,1,0,0,0,0,1,0,0,0,0,4,1,2,1,2,2,0,0,0,0,0,0,0,0,0,3,3,0
2771,71,M,1,0,0,0,0,1,0,0,0,0,0,1,2,2,2,2,2,0,0,0,0,0,0,0,0,1,1,0
4253,71,L1,1,0,0,1,0,0,0,0,0,0,4,0,0,0,2,0,0,1,0,0,0,0,0,0,0,0,0,0
190,71,L2,1,0,1,0,0,0,0,0,0,0,0,2,2,2,1,0,0,0,0,0,0,0,0,0,0,3,3,0
1918,71,R2,1,0,0,0,0,1,0,0,0,0,2,1,2,2,2,2,2,0,0,0,0,2,51,0,0,1,1,0
51,71,L2,1,0,0,0,0,0,0,0,0,0,0,0,0,0,0,0,0,0,1,3,2,0,0,0,0,3,3,0
365,72,L1,1,0,0,0,0,0,0,0,0,0,0,1,2,1,0,0,0,0,0,0,0,0,0,0,0,0,0,0
2265,72,M,1,0,1,0,0,0,0,0,0,0,0,1,0,0,0,0,0,3,1,0,0,0,0,0,0,0,1,0
5951,72,L2,1,0,0,0,0,0,1,0,0,0,3,2,0,0,2,0,0,0,3,0,0,0,0,0,0,2,2,0
3044,72,R2,1,0,0,1,0,0,0,0,0,0,3,0,0,0,1,2,0,0,0,0,0,0,0,0,0,2,2,0
3618,72,R2,1,0,0,0,0,0,0,1,0,0,3,0,0,0,0,0,0,3,0,0,0,0,0,0,0,0,1,0
6806,72,L2,1,0,0,1,0,0,0,0,0,0,2,0,0,0,0,0,0,0,0,0,0,0,0,0,0,2,2,0
2337,73,R2,1,0,0,0,0,1,0,0,0,0,0,1,2,0,0,1,0,2,0,0,0,0,0,0,0,3,3,0
103,73,L1,0,0,0,0,0,1,0,0,0,0,3,1,2,0,2,2,0,1,1,0,0,2,7480,0,0,1,2,0
217,73,R1,1,0,0,0,0,2,0,0,0,0,0,2,1,2,2,2,2,0,0,0,0,0,0,0,0,3,3,0
2830,73,L2,1,0,0,0,0,0,0,0,0,0,0,0,0,0,0,0,0,0,0,0,0,0,0,0,3,0,0,0
7480,73,M,0,0,0,0,0,0,0,0,0,0,3,0,0,0,0,0,0,0,0,2,3,0,0,0,0,1,1,0
4381,73,M,1,0,1,0,0,0,0,0,0,0,3,0,0,2,1,0,0,0,0,0,0,0,0,0,0,1,2,0
1676,74,R2,1,0,0,0,0,0,3,0,0,0,0,2,2,1,2,2,2,1,0,0,0,0,0,0,0,2,2,0
7885,74,M,0,0,0,0,0,0,0,0,0,0,0,0,0,0,0,0,0,0,1,3,3,0,0,0,0,1,1,0
1317,74,R1,1,0,0,1,0,0,0,0,0,0,1,1,0,0,0,0,0,0,2,0,0,2,7885,0,0,1,2,0
7462,74,R2,1,0,0,0,0,0,0,0,1,0,0,0,0,0,0,0,0,1,1,2,2,0,0,0,0,0,0,0
3555,74,L2,1,0,1,0,0,0,0,0,0,1,3,2,0,0,2,0,0,1,0,0,0,0,0,0,0,2,2,0
245,74,L2,1,0,0,0,0,0,0,0,0,2,6,0,1,0,0,0,0,0,0,0,0,2,7885,0,0,3,3,0
771,75,R2,1,0,1,0,0,0,0,0,0,0,0,0,0,0,0,0,0,0,0,3,3,0,0,0,0,1,2,0
3542,75,L1,0,0,0,0,0,1,0,0,0,1,3,0,1,0,0,0,0,1,1,0,0,3,771,0,0,2,2,0
1024,75,L2,1,0,1,0,0,0,0,0,0,0,1,0,2,2,0,0,0,0,1,0,0,2,771,0,0,1,1,0
5943,75,L2,1,0,0,0,0,0,0,1,0,0,3,0,0,0,0,0,0,1,0,0,0,0,0,0,2,2,2,0
2500,75,M,0,0,1,0,0,0,0,0,0,2,1,1,0,0,0,0,0,0,2,0,0,0,0,1,0,1,1,0
88,75,R2,1,0,0,0,0,1,0,0,0,0,3,1,0,0,2,2,2,1,0,0,0,0,0,0,0,3,3,0
1690,76,R2,1,0,1,0,0,0,0,0,0,0,2,2,2,2,0,2,0,1,0,0,0,0,0,0,0,1,1,0
4143,76,L2,1,0,1,0,0,0,0,0,0,0,0,0,0,0,0,0,0,0,0,3,1,0,0,0,0,0,1,0
225,76,L2,1,0,0,0,0,0,0,0,1,0,4,2,2,2,0,0,2,2,0,0,0,2,4143,0,0,0,1,0
5348,76,R2,1,0,0,1,0,0,0,0,0,0,4,0,0,0,2,0,0,0,0,0,0,1,1058,0,0,1,1,0
1058,76,M,1,0,1,0,0,0,0,0,0,0,0,0,0,0,0,0,0,0,0,3,1,0,0,0,0,3,3,0
16,76,L1,0,0,0,0,0,0,0,0,0,0,0,4,0,1,0,2,0,1,2,0,0,0,0,0,0,3,3,0
3926,77,R2,1,0,0,0,0,0,0,0,0,0,0,0,0,0,0,0,0,0,0,0,0,0,0,0,3,0,0,0
5501,77,M,1,0,0,0,0,0,0,0,0,0,3,1,0,0,0,0,0,0,2,0,0,0,0,0,0,2,2,0
2502,77,L2,1,0,0,0,0,0,0,0,0,1,4,2,0,0,1,0,0,1,0,0,0,1,353,0,0,3,3,0
3667,77,R2,1,0,1,0,0,0,0,0,0,3,3,2,0,0,0,0,0,0,0,0,0,0,0,0,0,3,3,0
353,77,L2,1,0,0,0,0,0,0,0,0,1,1,0,0,0,0,0,0,1,1,2,2,0,0,1,0,1,2,0
449,77,M,1,0,1,0,0,0,0,0,0,1,0,1,0,0,0,0,0,0,0,0,0,0,0,0,0,2,2,0
836,78,M,1,1,0,0,0,0,0,0,0,0,0,2,0,0,1,0,0,1,0,0,0,3,3624,0,0,3,3,0
7719,78,R1,1,0,0,0,0,0,0,0,0,0,1,0,0,0,0,0,0,1,0,3,1,0,0,0,0,2,2,0
3624,78,R2,1,0,0,0,0,0,0,0,0,1,0,0,0,0,0,0,0,0,0,3,2,0,0,0,0,2,2,0
5811,78,M,1,0,0,0,0,0,0,0,1,0,4,2,0,0,1,0,0,1,1,0,0,0,0,0,0,0,1,0
125,78,L2,1,0,0,0,0,2,0,0,0,0,0,0,1,2,0,0,0,0,0,0,0,0,0,0,3,0,0,0
1781,78,R2,1,0,0,0,0,0,0,0,0,1,3,0,0,0,0,0,0,2,0,0,0,0,0,0,0,2,2,0
772,79,M,1,0,0,0,0,0,0,0,0,1,3,0,0,0,0,0,0,0,0,0,0,2,0,0,0,3,3,0
191,79,R2,1,0,0,0,0,0,0,0,1,0,3,2,0,0,1,0,0,1,0,0,0,0,0,0,0,2,2,0
4481,79,L2,1,0,0,0,0,0,0,0,0,0,0,2,1,0,0,0,0,0,0,2,3,0,0,0,0,3,3,0
2791,79,M,1,0,1,0,0,0,0,0,0,1,2,0,1,0,0,0,0,0,0,0,0,3,250,0,0,1,2,0
503,79,L1,1,1,0,0,0,0,0,0,0,0,0,0,0,2,1,1,2,0,0,0,0,0,0,0,0,1,1,0
250,79,L2,1,0,0,0,0,0,0,0,0,0,1,0,0,0,0,0,0,0,0,3,3,0,0,0,0,1,1,0
868,80,L2,1,0,0,0,0,1,0,0,0,0,1,0,2,0,2,0,0,1,2,0,0,1,2830,0,0,1,1,0
5567,80,M,1,0,1,0,0,0,0,0,0,0,0,1,0,0,0,0,0,0,0,3,4,0,0,0,0,3,3,0
2265,80,R2,1,0,0,0,0,0,0,0,0,1,2,2,0,0,0,0,0,0,0,0,0,0,0,0,0,0,0,0
2830,80,R2,0,0,0,0,0,0,0,0,0,0,0,1,0,0,0,0,0,0,1,2,2,0,0,0,0,2,2,0
3604,80,R2,1,0,0,1,0,0,0,0,0,0,6,0,0,0,3,0,0,0,0,0,0,2,5567,0,0,1,1,0
175,80,M,1,0,0,0,0,0,0,0,1,0,0,2,1,0,0,0,0,0,1,0,0,2,5567,0,0,2,2,0
190,81,R2,1,0,1,0,0,0,0,0,0,0,4,0,0,0,0,0,0,0,0,0,0,3,7885,0,0,1,3,0
7885,81,M,1,0,0,0,0,0,0,0,1,0,0,0,0,0,0,0,0,0,0,3,1,0,0,0,0,2,2,0
16,81,R1,1,0,0,0,0,2,0,0,0,0,1,3,1,0,1,0,0,0,0,0,0,0,0,0,0,3,3,0
7673,81,L2,1,0,0,0,0,0,0,0,0,0,0,1,0,0,0,0,0,0,0,3,2,0,0,0,0,2,2,0
88,81,L2,1,0,0,0,0,1,0,0,0,1,2,1,0,0,2,0,0,1,1,0,0,0,0,0,0,3,3,0
6806,81,R2,1,0,0,1,0,0,0,0,0,0,4,0,0,0,0,0,0,0,0,0,0,2,7673,0,0,2,2,0
217,82,L2,1,0,0,0,0,2,0,0,0,0,1,2,1,2,1,0,1,0,0,0,0,1,6401,0,0,2,2,0
5084,82,R2,1,0,0,0,0,0,0,0,0,1,3,0,0,0,0,0,1,0,0,1,1,0,0,0,0,2,2,0
6401,82,R2,1,0,0,0,0,0,0,0,0,0,0,0,0,0,0,0,0,0,0,3,2,0,0,0,0,2,2,0
3542,82,M,1,0,1,0,0,0,0,0,0,0,0,2,0,0,3,1,1,1,0,0,0,2,6481,0,0,2,2,0
3707,82,M,1,0,1,0,0,0,0,0,0,0,2,2,2,1,2,2,0,0,1,0,0,0,0,0,0,0,2,0
225,82,L2,1,0,0,0,0,1,0,0,0,0,4,1,0,2,2,0,2,0,0,0,0,1,0,0,0,3,3,0
7462,83,M,1,0,0,0,0,0,0,0,0,0,0,0,0,0,0,0,0,0,0,3,1,0,0,0,0,1,1,0
836,83,R2,1,0,1,0,0,0,0,0,0,1,0,0,0,0,0,0,0,0,0,3,3,0,0,0,0,2,2,0
51,83,M,1,0,0,0,0,0,0,0,0,1,6,0,0,0,1,0,0,0,0,0,0,2,7462,0,0,3,3,0
3618,83,R2,1,0,0,0,0,0,0,0,0,0,1,0,0,0,0,0,0,3,0,2,1,0,0,0,0,2,2,0
1024,83,L2,1,0,0,0,0,0,0,0,0,1,0,2,0,0,0,0,0,0,0,0,0,1,7462,0,0,1,1,0
1690,83,L2,1,0,0,0,0,2,0,0,0,0,4,1,1,1,0,2,0,0,0,0,0,0,0,0,0,3,3,0
250,84,L2,1,0,0,1,0,0,0,0,0,0,0,0,0,0,0,0,0,0,0,3,3,0,0,0,0,0,2,0
772,84,M,1,0,1,0,0,0,0,0,0,0,2,2,0,0,1,0,0,1,0,0,0,0,0,0,0,1,3,0
1792,84,M,1,0,1,0,0,0,0,0,0,0,0,1,0,0,0,0,0,0,0,0,0,0,0,0,0,3,3,0
4381,84,R1,1,1,1,0,0,0,0,0,0,0,4,0,0,0,1,0,0,4,0,0,0,0,0,0,0,0,0,0
3926,84,R2,1,1,0,0,0,0,0,0,0,1,0,0,0,0,0,0,0,0,1,0,0,3,250,0,0,1,1,0
7719,84,L2,1,0,0,0,0,0,0,0,0,0,0,0,0,0,0,0,0,0,1,0,0,0,0,0,0,1,1,0
2771,85,L1,1,0,0,0,0,1,0,0,0,0,0,1,2,1,2,2,2,0,0,0,0,0,0,0,0,0,0,0
1317,85,R2,1,0,0,1,0,0,0,0,0,0,2,0,0,0,0,0,0,0,0,0,0,0,0,0,0,2,2,0
2771,85,M,1,0,0,0,0,1,0,0,0,0,0,2,2,2,2,2,2,0,0,0,0,0,0,0,0,0,0,0
125,85,R1,1,0,0,0,0,1,0,0,1,0,0,1,2,2,2,2,2,2,0,0,0,0,0,0,0,0,0,0
103,85,M,1,0,0,0,0,1,0,0,0,0,0,0,1,0,2,1,0,2,1,0,0,2,1218,0,0,1,1,0
1058,85,R2,1,0,0,0,0,1,0,0,0,0,0,0,2,2,0,0,0,0,0,0,0,1,1218,0,0,3,3,0
3667,86,R2,1,0,0,0,0,1,0,0,0,1,3,1,0,0,0,0,0,1,0,0,0,0,0,0,0,3,3,0
771,86,M,1,0,1,0,0,0,0,0,0,0,0,0,0,0,0,0,0,0,0,3,4,0,0,0,0,1,1,0
3555,86,R2,1,0,0,0,0,0,0,0,0,2,2,0,0,0,0,0,0,0,2,0,0,0,0,0,0,2,2,0
4143,86,L2,1,0,0,0,0,1,0,0,0,0,4,0,2,0,0,1,0,0,0,0,0,0,0,0,0,3,3,0
1781,86,L2,1,0,0,0,0,0,0,0,1,0,0,0,0,0,0,0,0,0,0,3,2,0,0,0,0,2,2,0
2791,86,M,1,0,0,0,0,0,0,0,1,0,1,0,4,1,0,2,0,0,0,0,0,2,771,0,0,2,2,0
2502,87,L2,1,0,0,0,0,0,0,0,0,2,3,0,0,0,0,0,0,0,0,0,0,0,0,0,0,3,3,0
3381,87,M,1,0,0,1,0,0,0,0,0,0,0,0,0,0,0,0,0,0,0,3,1,0,0,0,0,1,1,0
236,87,R2,0,1,0,0,0,0,0,0,0,0,1,2,0,1,0,0,2,1,0,0,0,0,0,0,0,2,2,0
503,87,L2,1,0,0,0,0,0,0,0,0,0,0,0,1,2,0,1,1,0,1,0,0,1,3381,0,0,1,1,0
2337,87,R2,1,0,0,0,0,0,0,0,0,1,2,0,1,0,1,0,0,1,0,0,0,0,0,0,0,1,3,0
5951,87,L2,1,0,0,0,0,1,0,0,0,0,2,2,0,0,3,0,0,0,0,0,0,0,0,0,0,2,2,0
3604,88,R2,1,0,0,1,0,0,0,0,0,0,4,0,0,0,2,0,0,1,0,0,0,0,0,0,0,1,3,0
7651,88,R2,1,0,0,0,0,0,0,0,0,0,4,0,0,0,2,0,0,0,0,0,0,0,0,0,0,1,1,0
4481,88,M,1,0,1,0,0,0,0,0,0,1,0,3,2,2,0,0,0,0,1,0,0,0,0,0,0,3,3,0
3624,88,M,1,0,1,0,0,0,0,0,0,0,0,3,0,0,0,0,0,0,1,0,0,0,0,0,0,2,2,0
5943,88,L2,0,0,0,0,0,0,0,0,0,0,0,0,0,0,0,0,0,0,0,2,2,1,353,0,0,1,2,0
2500,89,R2,1,1,0,0,0,0,0,0,0,0,0,0,0,0,0,0,0,0,0,3,3,0,0,0,0,1,1,0
4253,89,L1,1,0,0,1,0,0,0,0,0,0,0,2,2,1,0,0,0,1,0,0,0,0,0,0,0,1,1,0
3044,89,L2,1,0,0,1,0,0,0,0,0,0,3,0,0,0,2,0,0,0,0,0,0,1,2500,0,0,2,2,0
5811,89,M,1,0,1,0,0,0,0,0,0,2,4,2,0,0,0,0,0,1,0,0,0,0,0,0,0,0,0,0
1676,89,R2,1,0,0,0,0,1,0,0,0,2,4,0,0,1,0,0,0,0,1,0,0,0,0,0,0,2,2,0
3146,89,L2,1,0,1,0,0,0,0,0,0,0,0,2,2,1,2,2,0,0,0,0,0,0,0,0,0,3,3,0
1918,90,R2,0,0,0,0,0,1,0,0,0,0,3,1,2,1,2,0,0,2,0,0,0,0,0,0,0,1,1,0
245,90,M,0,0,1,0,0,0,0,0,0,0,6,0,0,0,1,0,0,0,0,0,0,1,449,0,0,1,2,0
5348,90,L2,1,0,0,0,0,0,0,1,0,0,3,0,0,0,0,0,0,0,0,0,0,0,0,0,0,1,3,0
1918,90,L2,1,0,0,0,0,1,0,0,0,2,1,1,1,2,1,1,1,0,1,0,0,0,0,0,0,0,0,0
365,90,L2,1,0,0,1,0,0,0,0,0,0,0,0,0,0,0,0,0,0,0,3,1,0,0,1,0,2,2,0
868,90,L2,1,0,0,0,0,0,0,0,0,1,0,2,1,0,1,0,0,1,1,0,0,0,0,0,0,3,3,0
449,90,M,1,0,1,0,0,0,0,0,0,1,0,0,0,0,0,0,0,0,0,3,3,0,0,0,0,2,2,0
1923,91,R1,1,0,0,0,0,0,0,0,1,1,0,2,0,0,0,0,0,0,1,0,0,3,5501,0,2,1,2,0
191,91,L2,1,0,0,0,0,0,0,0,0,0,2,2,0,0,2,0,0,1,0,0,0,0,0,0,0,2,2,0
5501,91,M,1,0,1,0,0,0,0,0,0,0,0,0,0,0,0,0,0,0,0,3,1,0,0,0,0,3,3,0
2771,91,L1,1,0,0,0,0,0,1,0,0,0,3,0,0,0,0,0,0,0,0,0,0,0,0,0,0,3,3,0
7480,91,M,1,0,1,0,0,0,0,0,0,0,0,0,0,0,0,0,0,0,0,3,2,0,0,0,0,2,2,0
225,91,R2,1,0,0,0,0,1,0,0,0,1,4,1,0,0,1,0,0,0,2,0,0,3,7480,0,0,1,1,0
1218,92,L2,1,0,0,0,0,0,0,0,1,1,0,2,0,0,0,0,0,1,0,2,2,0,0,0,0,2,2,0
5951,92,R2,1,1,0,0,0,0,0,0,0,1,5,0,0,0,3,1,0,1,0,0,0,0,0,0,0,2,2,0
3926,92,R1,1,1,0,0,0,0,0,0,0,3,0,2,0,0,0,0,0,0,1,0,0,0,0,0,0,3,3,0
51,92,L2,1,0,0,0,0,0,0,0,1,0,2,0,0,0,2,0,0,1,0,0,0,0,0,0,0,2,2,0
16,92,L1,0,0,0,0,0,2,0,0,0,0,0,2,1,2,1,2,2,0,0,0,0,0,0,0,0,1,3,0
3926,92,M,1,0,0,0,0,1,0,0,0,4,0,3,0,0,0,0,0,0,0,0,0,0,0,0,0,3,3,0
250,93,L2,1,0,0,1,0,0,0,0,0,0,0,0,0,0,0,0,0,0,0,3,3,0,0,0,0,1,2,0
88,93,R2,1,0,0,0,0,0,1,0,0,0,3,1,0,0,2,1,0,1,0,0,0,2,7681,0,0,3,3,0
7651,93,R2,1,0,0,0,0,0,0,1,0,0,0,0,0,0,0,0,0,0,0,3,2,0,0,1,0,1,1,0
3707,93,M,1,0,1,0,0,0,0,0,0,1,1,2,3,1,2,1,0,0,0,0,0,0,0,0,0,1,1,0
103,93,L1,0,1,0,0,0,0,0,0,0,0,4,2,0,0,1,0,0,0,0,0,0,0,0,0,0,3,3,0
1317,94,L2,1,0,0,0,0,0,0,0,0,0,0,0,0,0,0,0,0,0,0,3,1,0,0,0,0,1,1,0
353,94,L2,1,1,0,1,0,0,0,0,0,1,2,1,0,0,0,0,0,0,0,0,0,0,0,0,0,1,2,0
5084,94,M,1,0,1,0,0,0,0,0,0,1,3,1,0,0,0,0,0,1,0,0,0,0,0,0,0,1,2,0
3542,94,M,0,0,1,0,0,0,0,0,0,0,0,2,2,0,1,1,0,2,0,0,0,0,0,0,0,3,3,0
3618,94,R2,1,0,0,1,0,0,0,0,0,0,4,0,0,0,0,0,0,0,0,0,0,0,0,0,0,1,1,0
4253,94,R2,1,0,0,1,0,0,0,0,0,2,4,0,0,0,1,0,0,0,0,0,0,2,353,0,0,1,0,0
2791,95,R2,1,0,0,0,0,0,0,0,1,2,1,0,2,2,0,1,1,0,0,0,0,3,2830,0,0,2,2,0
2830,95,L2,1,0,0,0,0,0,0,0,0,1,0,0,0,0,0,0,0,0,0,3,2,0,0,0,0,2,2,0
3604,95,L2,1,0,0,1,0,0,0,0,0,1,3,0,0,0,2,2,2,0,0,0,0,0,0,0,0,1,2,0
236,95,R2,1,1,0,0,0,0,0,0,0,0,2,2,2,0,2,1,0,0,0,0,0,0,0,0,0,3,3,0
1058,95,M,1,0,0,0,0,1,0,0,0,0,0,1,2,2,0,1,0,0,0,0,0,0,0,0,0,3,3,0
5811,95,M,1,0,1,0,0,0,0,0,0,1,3,2,0,0,2,0,0,0,0,0,0,0,0,0,0,1,2,0
449,96,M,1,0,1,0,0,0,0,0,0,0,2,2,0,0,1,0,0,3,0,0,0,0,0,0,0,0,3,0
3381,96,R1,0,0,0,1,0,0,0,0,0,0,3,0,0,0,0,0,0,0,0,2,2,0,0,0,0,0,0,0
6401,96,L2,1,0,0,1,0,0,0,0,0,0,2,0,0,0,0,0,0,0,0,0,0,0,0,0,0,2,2,0
3624,96,R2,0,0,0,0,0,0,0,0,0,1,0,0,0,0,0,0,0,0,0,3,3,0,0,0,0,1,2,0
190,96,R2,1,0,0,0,0,0,0,0,0,0,0,1,1,1,0,0,0,0,5,0,0,2,3624,0,0,3,3,0
4143,96,L2,1,0,0,0,0,1,0,0,2,0,2,0,0,0,2,0,0,1,1,0,0,2,3624,0,0,1,2,0
191,97,L2,1,1,0,0,0,0,0,0,0,0,6,0,0,0,0,0,0,1,0,0,0,0,0,0,0,2,2,0
3044,97,R2,1,0,0,1,0,0,0,0,0,0,4,0,0,0,1,0,0,1,0,0,0,2,7885,0,0,2,2,0
7885,97,M,1,0,0,0,0,0,0,0,0,1,0,0,0,0,0,0,0,0,0,3,2,0,0,0,0,1,1,0
2502,97,M,1,0,0,0,0,0,0,0,0,2,1,2,0,0,0,0,0,0,0,0,0,1,7885,0,0,3,3,0
7719,97,L2,1,0,0,0,0,0,0,0,0,0,0,0,0,0,0,0,0,0,0,3,1,0,0,0,0,1,1,0
2500,98,L1,1,0,0,0,0,0,0,0,0,1,0,0,0,0,0,0,0,0,0,3,3,0,0,0,0,1,1,0
3667,98,R2,1,1,0,0,0,0,0,0,0,1,3,1,0,0,2,0,0,1,1,0,0,0,0,0,0,3,3,0
245,98,R2,1,0,0,0,0,1,0,0,0,1,1,1,1,1,2,0,0,0,1,0,0,2,2500,0,0,1,2,0
4381,98,L2,0,0,1,0,0,0,0,0,0,1,3,2,0,0,2,0,0,0,0,0,0,0,0,0,0,1,1,0
2337,98,L2,0,0,0,0,0,1,0,0,0,0,3,1,2,0,2,1,0,0,0,0,0,0,0,0,0,3,3,0
2265,98,M,1,0,0,0,0,0,0,0,0,1,4,0,0,0,0,0,0,0,0,0,0,0,0,0,0,1,2,0
3146,99,R2,1,0,0,0,0,1,0,0,0,0,3,1,0,0,1,0,0,2,0,0,0,0,0,0,0,3,3,0
5348,99,R2,1,0,0,1,0,0,0,0,0,0,3,0,0,0,4,0,0,2,0,0,0,1,1781,0,0,1,1,0
1781,99,M,1,0,1,0,0,0,0,0,0,0,0,0,0,0,0,0,0,0,0,3,3,0,0,1,0,2,2,0
1792,99,L1,1,0,0,0,0,1,0,0,0,0,0,1,2,0,0,0,0,0,0,0,0,2,1781,0,0,2,2,0
5501,99,L2,1,0,0,0,0,0,0,0,0,0,3,1,0,0,0,0,0,3,0,0,0,0,0,0,0,2,2,0
4481,99,M,1,0,1,0,0,1,0,0,0,0,1,2,2,0,0,0,0,0,0,1,4,0,0,0,0,0,0,0
217,100,L1,1,0,0,0,0,0,0,0,1,0,2,2,2,0,1,1,0,0,0,0,0,1,503,0,0,2,2,0
365,100,R1,1,0,0,1,0,0,0,0,0,0,4,0,0,0,1,1,0,0,0,0,0,0,0,0,0,1,3,0
1676,100,L1,1,0,1,0,0,0,0,0,0,0,0,0,0,0,0,0,0,0,1,0,0,3,7673,0,0,2,2,0
125,100,R1,1,0,0,0,0,2,0,0,0,0,2,2,1,2,1,2,2,1,0,0,0,0,0,0,0,1,1,0
7673,100,R2,1,0,0,0,0,0,0,0,0,1,0,1,0,0,0,0,0,0,0,3,3,0,0,0,0,1,1,0
1676,100,M,1,0,1,0,0,0,0,0,0,0,0,0,0,0,0,0,0,0,0,0,0,3,7673,0,0,2,2,0
868,101,R2,1,0,0,0,0,1,0,0,0,0,1,1,2,2,1,0,0,1,0,0,0,2,5943,0,0,0,0,0
3555,101,M,1,0,1,0,0,0,0,0,0,0,4,2,0,0,1,0,0,0,0,0,0,3,6806,0,0,2,2,0
1923,101,M,1,0,0,0,0,1,0,0,0,0,3,0,0,0,3,1,0,0,0,0,0,0,0,0,0,1,1,0
5943,101,R2,1,0,0,0,0,0,0,0,0,0,0,0,0,0,0,0,0,0,0,3,2,0,0,0,0,1,1,0
6806,101,L2,1,0,0,1,0,0,0,0,0,0,0,0,0,0,0,0,0,0,0,3,1,0,0,0,0,2,2,0
1024,101,L2,1,0,0,0,0,0,0,0,1,2,0,3,2,0,0,0,0,0,1,0,0,0,0,0,0,1,1,0
771,102,L2,1,0,0,0,0,0,0,0,0,0,0,0,0,0,0,0,0,0,1,3,2,0,0,0,0,1,1,0
772,102,L1,1,0,0,0,0,0,0,0,0,0,3,0,0,0,0,0,0,1,0,0,0,0,0,0,0,3,3,0
1918,102,R2,1,0,0,0,0,0,0,0,0,1,0,0,2,2,2,2,0,0,0,0,0,0,0,0,0,1,1,0
7480,102,M,1,0,1,0,0,0,0,0,0,0,0,0,0,0,0,0,0,0,0,0,0,0,0,0,0,0,2,0
5567,102,L1,1,0,0,0,0,0,0,0,1,0,0,3,2,1,0,0,0,0,1,0,0,0,0,0,0,3,3,0
1690,103,R2,1,0,1,0,0,1,0,0,0,0,3,0,2,1,1,1,0,2,0,0,0,3,7480,0,0,1,1,0
4143,103,L2,1,0,0,0,0,0,0,0,0,1,6,0,0,0,1,0,0,1,0,0,0,0,0,0,0,1,2,0
250,103,R2,1,0,0,1,0,0,0,0,0,0,0,0,0,0,0,0,0,0,0,3,3,0,0,0,0,1,1,0
4253,103,L2,1,0,0,1,0,0,0,0,0,1,3,1,0,0,0,0,0,0,6,0,0,0,0,0,0,3,3,0
836,103,M,1,0,1,0,0,0,0,0,0,3,0,2,0,0,2,0,0,0,1,0,0,0,0,0,0,3,3,0
175,103,M,1,0,1,0,0,0,0,0,0,0,3,2,0,0,0,0,0,1,0,0,0,0,0,1,0,2,2,0
3618,104,L2,1,0,0,0,0,0,0,0,0,1,0,0,0,0,0,0,0,0,0,3,1,0,0,0,0,1,2,0
3707,104,M,1,0,1,0,0,0,0,0,0,1,3,0,3,0,2,1,0,0,0,0,0,0,0,0,0,0,3,0
16,104,R1,1,0,0,0,0,2,0,0,0,0,3,1,1,0,0,0,0,0,2,0,0,3,5501,0,0,3,3,0
4381,104,L2,1,1,0,0,0,0,0,0,0,0,2,0,0,0,0,2,0,2,0,0,0,0,0,0,0,0,3,0
5811,104,L2,1,1,0,0,0,0,0,0,0,0,2,0,0,0,0,0,0,0,0,2,2,0,0,0,0,0,0,0
3707,104,M,1,0,2,0,0,0,0,0,0,0,2,0,3,0,2,1,0,0,0,0,0,2,3619,0,0,3,3,0
1923,106,R1,1,0,0,0,0,1,0,0,0,0,0,2,2,2,2,2,0,0,0,0,0,3,1781,0,0,1,1,0
3604,105,L2,1,0,0,1,0,0,0,0,0,0,5,2,0,0,1,2,0,0,0,0,0,0,0,0,0,1,2,0
3146,105,R2,1,0,0,0,0,1,0,0,0,2,0,0,0,0,0,0,0,0,2,2,1,0,0,0,0,1,1,0
2771,105,M,1,0,1,0,0,0,0,0,0,1,0,2,2,1,0,0,0,0,0,0,0,0,0,0,0,3,3,0
503,106,L1,1,1,0,0,0,0,0,0,0,0,0,0,2,2,0,2,2,2,0,0,0,0,0,0,0,2,2,0
2830,106,R2,1,0,1,0,0,0,0,0,0,0,2,2,0,0,2,0,0,0,0,0,0,0,0,0,0,2,2,0
1781,106,L2,1,0,0,0,0,0,0,0,0,1,0,0,0,0,0,0,0,0,0,3,1,0,0,0,0,0,3,0
3044,106,L2,1,0,0,1,0,0,0,0,0,0,3,0,0,0,2,1,0,0,0,0,0,0,0,0,0,2,2,0
1792,106,R1,1,0,1,0,0,0,0,0,0,0,0,1,2,0,0,0,0,0,2,0,0,1,7480,0,0,3,3,0
3542,106,M,1,0,1,0,0,0,0,0,0,0,0,2,2,2,0,1,3,0,0,0,0,0,0,0,0,3,3,0
6806,107,R2,1,0,0,0,0,0,0,0,0,0,2,0,0,0,0,0,0,0,0,3,1,0,0,0,0,2,2,0
449,107,M,1,0,1,0,0,0,0,0,0,0,4,1,0,0,1,0,0,1,0,0,0,0,0,0,0,2,2,0
7673,107,L2,1,0,0,0,0,0,0,0,0,0,0,1,0,0,0,0,0,0,0,3,2,0,0,1,2,0,0,0
7480,107,M,1,0,1,0,0,0,0,0,0,0,0,0,0,0,0,0,0,0,0,3,1,0,0,1,0,2,2,0
3555,107,L2,1,1,0,0,0,0,0,0,0,2,4,2,0,0,1,0,0,1,0,0,0,0,0,0,0,1,2,0
191,108,R2,1,0,0,0,0,0,0,0,0,1,0,0,0,0,0,0,0,0,0,3,2,0,0,0,0,1,1,0
125,108,R1,1,0,0,0,0,2,0,0,0,0,3,1,1,2,0,2,1,1,1,0,0,2,6806,0,0,3,3,0
5084,108,M,1,0,1,0,0,0,0,0,0,1,0,1,0,0,0,0,0,0,4,0,0,0,0,0,0,3,3,0
7462,108,L2,1,0,0,0,0,0,0,0,0,1,4,0,0,0,0,0,0,2,0,0,0,0,0,0,0,1,1,0
5348,108,L2,1,0,0,1,0,0,0,0,0,1,4,0,0,0,0,0,0,0,2,0,0,0,0,0,0,1,1,0
1058,109,M1,1,0,1,0,0,0,0,0,0,0,0,1,0,1,1,0,0,1,1,0,0,3,7651,0,0,3,3,0
1918,109,L2,1,0,0,0,0,0,0,0,0,1,0,2,2,1,0,1,0,0,0,0,0,2,7889,0,0,1,1,0
7885,109,L2,1,0,0,0,0,1,0,0,0,0,0,0,0,0,0,0,0,0,0,3,2,0,0,0,0,2,2,0
7651,109,R2,1,0,0,0,0,0,0,0,0,0,1,0,0,0,0,0,0,0,0,3,4,0,0,0,0,1,1,0
3667,109,L1,1,0,1,0,0,0,0,0,0,2,4,1,0,0,0,0,0,2,0,0,0,0,0,0,0,3,3,.
1024,109,R2,1,0,0,0,0,0,0,1,0,1,2,0,0,0,0,0,0,2,1,0,0,0,0,0,0,1,2,0
1218,110,R1,1,0,1,0,0,0,0,0,0,0,1,0,2,0,0,0,0,1,0,0,0,0,0,0,0,3,3,0
4481,110,M,1,0,0,0,0,0,0,0,1,0,0,2,0,0,0,0,0,0,0,0,0,3,6401,0,0,3,3,0
2502,110,L2,1,0,0,0,0,0,0,0,0,2,6,0,0,0,0,0,0,0,0,0,0,0,0,0,0,2,2,0
6401,110,R2,1,0,0,0,0,1,0,0,0,0,0,0,0,0,0,0,0,0,0,3,3,0,0,0,0,1,1,0
771,110,R1,1,1,0,0,0,0,0,0,0,0,0,0,0,0,0,0,0,0,0,3,2,0,0,0,0,1,2,0
2265,110,R2,1,0,0,0,0,0,0,0,0,1,3,2,0,0,2,0,0,0,0,0,0,0,0,0,0,1,1,0
5567,111,M,1,0,1,0,0,0,0,0,0,0,0,2,2,2,0,0,0,0,2,0,0,0,0,0,0,3,3,0
51,111,L2,1,0,0,0,0,0,0,0,0,0,4,0,0,0,0,0,0,0,1,1,2,0,0,0,0,3,3,0
103,111,R1,1,0,0,0,0,0,0,0,1,0,0,2,2,0,2,2,0,0,0,0,0,2,3624,0,0,2,2,0
365,111,R2,1,0,0,0,0,0,0,0,0,0,3,1,0,0,2,2,2,0,0,0,0,0,0,0,0,2,2,0
3624,111,L2,1,0,1,0,0,0,0,0,0,0,0,0,0,0,0,0,0,0,0,3,2,0,0,0,0,2,2,0
2791,111,L1,1,0,0,0,0,2,2,0,0,2,1,2,0,2,2,2,2,0,0,0,0,0,0,0,0,2,2,0
3381,112,M,1,0,0,0,0,0,0,0,0,0,0,0,0,0,0,0,0,1,0,0,0,0,0,1,0,0,0,0
2500,112,R2,1,0,0,0,0,0,0,0,1,0,0,0,0,0,0,0,0,0,0,3,2,0,0,0,0,1,1,0
217,112,R2,1,0,0,0,0,2,0,0,0,0,0,2,1,2,2,2,2,0,0,0,0,1,3381,0,0,3,3,0
1690,112,L2,1,0,0,0,0,2,0,0,0,0,3,2,1,1,1,2,0,2,0,0,0,1,3351,0,0,0,0,0
3926,112,R2,1,0,2,0,0,0,0,0,0,0,0,0,0,0,0,0,0,0,0,0,0,0,0,0,0,3,3,0
868,112,L2,1,0,0,0,0,1,0,0,0,0,2,0,0,0,0,0,0,3,1,0,0,2,2500,0,0,1,2,0
772,113,R1,1,0,0,0,0,1,0,0,0,1,6,0,0,0,0,0,0,0,0,0,0,0,0,0,0,3,3,0
1317,113,M,1,0,0,0,0,0,0,0,0,1,0,1,0,0,0,0,0,1,0,0,0,0,0,0,0,2,2,0
5951,113,R2,1,0,1,0,0,0,0,0,0,0,0,0,0,0,0,0,0,0,1,3,1,0,0,0,0,1,2,0
225,113,L2,1,0,0,0,0,1,0,0,0,0,0,1,2,2,2,2,2,0,0,0,0,0,0,0,0,2,2,0
190,113,L2,1,0,0,0,0,1,0,0,0,1,1,1,0,1,1,0,0,1,0,0,0,0,0,0,0,3,3,0
7719,113,R2,1,0,0,0,0,0,0,0,0,0,3,0,0,0,0,0,0,1,0,0,0,0,0,0,0,1,2,0
250,114,R2,1,0,0,0,0,0,0,0,0,0,1,0,0,0,0,0,0,0,0,3,4,0,0,0,0,0,0,0
1676,114,M,1,0,1,0,0,0,0,0,0,0,1,2,0,0,2,0,0,0,1,0,0,3,250,0,0,1,2,0
2830,114,L2,1,0,0,0,0,0,0,0,0,0,0,0,0,0,0,0,0,0,0,3,3,0,0,0,0,1,2,0
125,114,R1,1,0,0,0,0,1,0,0,0,0,4,0,1,1,0,2,1,1,1,0,0,1,2830,0,0,3,3,0
5943,114,L2,1,0,0,0,0,0,0,0,0,0,2,0,0,0,0,0,0,0,0,3,3,0,0,0,0,1,2,0
1918,114,R2,1,0,0,0,0,0,0,0,0,0,2,1,2,1,1,1,0,1,1,0,0,2,250,0,0,0,1,0
2265,110,R2,1,0,0,0,0,0,0,0,0,1,3,2,0,0,2,0,0,0,0,0,0,0,0,0,0,1,1,0
5567,111,M,1,0,1,0,0,0,0,0,0,0,0,2,2,2,0,0,0,0,2,0,0,0,0,0,0,3,3,0
51,111,L2,1,0,0,0,0,0,0,0,0,0,4,0,0,0,0,0,0,0,1,1,2,0,0,0,0,3,3,0
103,111,R1,1,0,0,0,0,0,0,0,1,0,0,2,2,0,2,2,0,0,0,0,0,2,3624,0,0,2,2,0
365,111,R2,1,0,0,0,0,0,0,0,0,0,3,1,0,0,2,2,2,0,0,0,0,0,0,0,0,2,2,0
3624,111,L2,1,0,1,0,0,0,0,0,0,0,0,0,0,0,0,0,0,0,0,3,2,0,0,0,0,2,2,0
2791,111,L1,1,0,0,0,0,2,2,0,0,2,1,2,0,2,2,2,2,0,0,0,0,0,0,0,0,2,2,0
3381,112,M,1,0,0,0,0,0,0,0,0,0,0,0,0,0,0,0,0,1,0,0,0,0,0,1,0,0,0,0
2500,112,R2,1,0,0,0,0,0,0,0,1,0,0,0,0,0,0,0,0,0,0,3,2,0,0,0,0,1,1,0
217,112,R2,1,0,0,0,0,2,0,0,0,0,0,2,1,2,2,2,2,0,0,0,0,1,3381,0,0,3,3,0
1690,112,L2,1,0,0,0,0,2,0,0,0,0,3,2,1,1,1,2,0,2,0,0,0,1,3351,0,0,0,0,0
3926,112,R2,1,0,2,0,0,0,0,0,0,0,0,0,0,0,0,0,0,0,0,0,0,0,0,0,0,3,3,0
868,112,L2,1,0,0,0,0,1,0,0,0,0,2,0,0,0,0,0,0,3,1,0,0,2,2500,0,0,1,2,0
772,113,R1,1,0,0,0,0,1,0,0,0,1,6,0,0,0,0,0,0,0,0,0,0,0,0,0,0,3,3,0
1317,113,M,1,0,0,0,0,0,0,0,0,1,0,1,0,0,0,0,0,1,0,0,0,0,0,0,0,2,2,0
5951,113,R2,1,0,1,0,0,0,0,0,0,0,0,0,0,0,0,0,0,0,1,3,1,0,0,0,0,1,2,0
225,113,L2,1,0,0,0,0,1,0,0,0,0,0,1,2,2,2,2,2,0,0,0,0,0,0,0,0,2,2,0
190,113,L2,1,0,0,0,0,1,0,0,0,1,1,1,0,1,1,0,0,1,0,0,0,0,0,0,0,3,3,0
7719,113,R2,1,0,0,0,0,0,0,0,0,0,3,0,0,0,0,0,0,1,0,0,0,0,0,0,0,1,2,0
250,114,R2,1,0,0,0,0,0,0,0,0,0,1,0,0,0,0,0,0,0,0,3,4,0,0,0,0,0,0,0
1676,114,M,1,0,1,0,0,0,0,0,0,0,1,2,0,0,2,0,0,0,1,0,0,3,250,0,0,1,2,0
2830,114,L2,1,0,0,0,0,0,0,0,0,0,0,0,0,0,0,0,0,0,0,3,3,0,0,0,0,1,2,0
125,114,R1,1,0,0,0,0,1,0,0,0,0,4,0,1,1,0,2,1,1,1,0,0,1,2830,0,0,3,3,0
5943,114,L2,1,0,0,0,0,0,0,0,0,0,2,0,0,0,0,0,0,0,0,3,3,0,0,0,0,1,2,0
1918,114,R2,1,0,0,0,0,0,0,0,0,0,2,1,2,1,1,1,0,1,1,0,0,2,250,0,0,0,1,0
225,114.82,L2,1,0,0,0,0,1,0,0,0,0,4,1,0,2,1,0,2,0,0,0,0,0,0,0,0,3,3,0
3707,114.82,M,1,0,0,0,0,1,0,0,0,1,1,2,2,0,2,1,1,0,0,0,0,1,5084,0,0,3,3,0
217,114.82,L1,1,0,0,0,0,2,0,0,0,0,1,2,1,2,2,2,2,0,0,0,0,0,0,0,0,1,1,0
6401,114.82,L2,1,0,0,1,0,0,0,0,0,0,0,0,0,0,0,0,0,0,0,3,2,0,0,0,0,2,2,0
3542,114.82,M,1,0,1,0,0,0,0,0,0,0,3,2,0,0,2,0,0,1,1,0,0,3,6401,0,0,3,3,0
